view,embedding_variant,backbone,preprocessing,embedding_dim,temporal_mode,classifier,held_out_patient,train_anchor_samples,valid_all_samples,valid_anchor_samples,training_seconds,sample_accuracy,sample_balanced_accuracy,sample_precision_macro,sample_recall_macro,sample_f1_macro,sample_samples,sample_blurry_precision,sample_blurry_recall,sample_blurry_f1,sample_blurry_support,sample_clear_precision,sample_clear_recall,sample_clear_f1,sample_clear_support,video_accuracy,video_balanced_accuracy,video_precision_macro,video_recall_macro,video_f1_macro,video_samples,video_blurry_precision,video_blurry_recall,video_blurry_f1,video_blurry_support,video_clear_precision,video_clear_recall,video_clear_f1,video_clear_support
transversal,small_full,small,full,384,frame,logistic_regression,P001,84,63,42,0.037580100004561245,0.8095238095238095,0.8095238095238095,0.8620689655172413,0.8095238095238095,0.8023529411764705,42,1.0,0.6190476190476191,0.7647058823529411,21,0.7241379310344828,1.0,0.84,21,1.0,1.0,1.0,1.0,1.0,2,1.0,1.0,1.0,1,1.0,1.0,1.0,1
transversal,small_full,small,full,384,frame,svm_rbf,P001,84,63,42,0.0066312000271864235,0.7857142857142857,0.7857142857142857,0.85,0.7857142857142857,0.7754010695187166,42,1.0,0.5714285714285714,0.7272727272727273,21,0.7,1.0,0.8235294117647058,21,0.5,0.5,0.25,0.5,0.3333333333333333,2,0.0,0.0,0.0,1,0.5,1.0,0.6666666666666666,1
transversal,small_full,small,full,384,frame,random_forest,P001,84,63,42,0.7639997999649495,0.8095238095238095,0.8095238095238095,0.8620689655172413,0.8095238095238095,0.8023529411764705,42,1.0,0.6190476190476191,0.7647058823529411,21,0.7241379310344828,1.0,0.84,21,1.0,1.0,1.0,1.0,1.0,2,1.0,1.0,1.0,1,1.0,1.0,1.0,1
transversal,small_full,small,full,384,frame,knn,P001,84,63,42,0.003935800050385296,0.7142857142857143,0.7142857142857143,0.8181818181818181,0.7142857142857143,0.6888888888888889,42,1.0,0.42857142857142855,0.6,21,0.6363636363636364,1.0,0.7777777777777778,21,0.5,0.5,0.25,0.5,0.3333333333333333,2,0.0,0.0,0.0,1,0.5,1.0,0.6666666666666666,1
transversal,small_full,small,full,384,frame,logistic_regression,P002,84,63,42,0.011684099968988448,0.8809523809523809,0.8809523809523809,0.9038461538461539,0.8809523809523809,0.8792409430707303,42,0.8076923076923077,1.0,0.8936170212765957,21,1.0,0.7619047619047619,0.8648648648648649,21,1.0,1.0,1.0,1.0,1.0,2,1.0,1.0,1.0,1,1.0,1.0,1.0,1
transversal,small_full,small,full,384,frame,svm_rbf,P002,84,63,42,0.0034623999963514507,0.8571428571428571,0.8571428571428572,0.8888888888888888,0.8571428571428572,0.8541666666666667,42,0.7777777777777778,1.0,0.875,21,1.0,0.7142857142857143,0.8333333333333334,21,1.0,1.0,1.0,1.0,1.0,2,1.0,1.0,1.0,1,1.0,1.0,1.0,1
transversal,small_full,small,full,384,frame,random_forest,P002,84,63,42,0.827657799993176,0.8333333333333334,0.8333333333333333,0.875,0.8333333333333333,0.8285714285714285,42,0.75,1.0,0.8571428571428571,21,1.0,0.6666666666666666,0.8,21,1.0,1.0,1.0,1.0,1.0,2,1.0,1.0,1.0,1,1.0,1.0,1.0,1
transversal,small_full,small,full,384,frame,knn,P002,84,63,42,0.0016604999545961618,0.8333333333333334,0.8333333333333333,0.875,0.8333333333333333,0.8285714285714285,42,0.75,1.0,0.8571428571428571,21,1.0,0.6666666666666666,0.8,21,1.0,1.0,1.0,1.0,1.0,2,1.0,1.0,1.0,1,1.0,1.0,1.0,1
transversal,small_full,small,full,384,frame,logistic_regression,P003,84,63,42,0.008939399966038764,0.9047619047619048,0.9047619047619048,0.9199999999999999,0.9047619047619048,0.9038901601830663,42,0.84,1.0,0.9130434782608695,21,1.0,0.8095238095238095,0.8947368421052632,21,1.0,1.0,1.0,1.0,1.0,2,1.0,1.0,1.0,1,1.0,1.0,1.0,1
transversal,small_full,small,full,384,frame,svm_rbf,P003,84,63,42,0.0029409999842755497,0.8333333333333334,0.8333333333333333,0.8533653846153846,0.8333333333333333,0.8309373202990225,42,0.7692307692307693,0.9523809523809523,0.851063829787234,21,0.9375,0.7142857142857143,0.8108108108108109,21,1.0,1.0,1.0,1.0,1.0,2,1.0,1.0,1.0,1,1.0,1.0,1.0,1
transversal,small_full,small,full,384,frame,random_forest,P003,84,63,42,0.8391700999927707,0.9523809523809523,0.9523809523809523,0.9565217391304348,0.9523809523809523,0.9522727272727273,42,0.9130434782608695,1.0,0.9545454545454546,21,1.0,0.9047619047619048,0.95,21,1.0,1.0,1.0,1.0,1.0,2,1.0,1.0,1.0,1,1.0,1.0,1.0,1
transversal,small_full,small,full,384,frame,knn,P003,84,63,42,0.0018804999999701977,0.8333333333333334,0.8333333333333333,0.875,0.8333333333333333,0.8285714285714285,42,0.75,1.0,0.8571428571428571,21,1.0,0.6666666666666666,0.8,21,1.0,1.0,1.0,1.0,1.0,2,1.0,1.0,1.0,1,1.0,1.0,1.0,1
oblicua,small_full,small,full,384,frame,logistic_regression,P001,105,63,42,0.009739000000990927,0.6428571428571429,0.6428571428571428,0.7916666666666667,0.6428571428571428,0.5906432748538011,42,1.0,0.2857142857142857,0.4444444444444444,21,0.5833333333333334,1.0,0.7368421052631579,21,0.5,0.5,0.25,0.5,0.3333333333333333,2,0.0,0.0,0.0,1,0.5,1.0,0.6666666666666666,1
oblicua,small_full,small,full,384,frame,svm_rbf,P001,105,63,42,0.0031899000168778002,0.5952380952380952,0.5952380952380952,0.7763157894736843,0.5952380952380952,0.5159322033898305,42,1.0,0.19047619047619047,0.32,21,0.5526315789473685,1.0,0.711864406779661,21,0.5,0.5,0.25,0.5,0.3333333333333333,2,0.0,0.0,0.0,1,0.5,1.0,0.6666666666666666,1
oblicua,small_full,small,full,384,frame,random_forest,P001,105,63,42,1.0175934999715537,0.5952380952380952,0.5952380952380952,0.7763157894736843,0.5952380952380952,0.5159322033898305,42,1.0,0.19047619047619047,0.32,21,0.5526315789473685,1.0,0.711864406779661,21,0.5,0.5,0.25,0.5,0.3333333333333333,2,0.0,0.0,0.0,1,0.5,1.0,0.6666666666666666,1
oblicua,small_full,small,full,384,frame,knn,P001,105,63,42,0.002204100019298494,0.5714285714285714,0.5714285714285714,0.7692307692307692,0.5714285714285714,0.475,42,1.0,0.14285714285714285,0.25,21,0.5384615384615384,1.0,0.7,21,0.5,0.5,0.25,0.5,0.3333333333333333,2,0.0,0.0,0.0,1,0.5,1.0,0.6666666666666666,1
oblicua,small_full,small,full,384,frame,logistic_regression,P002,84,84,63,0.011946699989493936,0.9206349206349206,0.9285714285714286,0.9038461538461539,0.9285714285714286,0.9135802469135802,63,0.8333333333333334,0.9523809523809523,0.8888888888888888,21,0.9743589743589743,0.9047619047619048,0.9382716049382716,42,1.0,1.0,1.0,1.0,1.0,3,1.0,1.0,1.0,1,1.0,1.0,1.0,2
oblicua,small_full,small,full,384,frame,svm_rbf,P002,84,84,63,0.0033512000227347016,0.9682539682539683,0.9761904761904762,0.9565217391304348,0.9761904761904762,0.9650776053215078,63,0.9130434782608695,1.0,0.9545454545454546,21,1.0,0.9523809523809523,0.975609756097561,42,1.0,1.0,1.0,1.0,1.0,3,1.0,1.0,1.0,1,1.0,1.0,1.0,2
oblicua,small_full,small,full,384,frame,random_forest,P002,84,84,63,0.7515378000098281,0.9841269841269841,0.9880952380952381,0.9772727272727273,0.9880952380952381,0.9823479966377135,63,0.9545454545454546,1.0,0.9767441860465116,21,1.0,0.9761904761904762,0.9879518072289156,42,1.0,1.0,1.0,1.0,1.0,3,1.0,1.0,1.0,1,1.0,1.0,1.0,2
oblicua,small_full,small,full,384,frame,knn,P002,84,84,63,0.008045199967455119,0.7936507936507936,0.8095238095238095,0.7785714285714286,0.8095238095238095,0.7829313543599259,63,0.6428571428571429,0.8571428571428571,0.7346938775510204,21,0.9142857142857143,0.7619047619047619,0.8311688311688312,42,1.0,1.0,1.0,1.0,1.0,3,1.0,1.0,1.0,1,1.0,1.0,1.0,2
oblicua,small_full,small,full,384,frame,logistic_regression,P003,105,63,42,0.0121936000068672,0.5,0.5,0.25,0.5,0.3333333333333333,42,0.5,1.0,0.6666666666666666,21,0.0,0.0,0.0,21,0.5,0.5,0.25,0.5,0.3333333333333333,2,0.5,1.0,0.6666666666666666,1,0.0,0.0,0.0,1
oblicua,small_full,small,full,384,frame,svm_rbf,P003,105,63,42,0.003566600033082068,0.5238095238095238,0.5238095238095238,0.7560975609756098,0.5238095238095238,0.3841642228739003,42,0.5121951219512195,1.0,0.6774193548387096,21,1.0,0.047619047619047616,0.09090909090909091,21,0.5,0.5,0.25,0.5,0.3333333333333333,2,0.5,1.0,0.6666666666666666,1,0.0,0.0,0.0,1
oblicua,small_full,small,full,384,frame,random_forest,P003,105,63,42,0.7267414999660105,0.6904761904761905,0.6904761904761905,0.8088235294117647,0.6904761904761905,0.6576802507836991,42,0.6176470588235294,1.0,0.7636363636363637,21,1.0,0.38095238095238093,0.5517241379310345,21,0.5,0.5,0.25,0.5,0.3333333333333333,2,0.5,1.0,0.6666666666666666,1,0.0,0.0,0.0,1
oblicua,small_full,small,full,384,frame,knn,P003,105,63,42,0.0018241999787278473,0.5,0.5,0.25,0.5,0.3333333333333333,42,0.5,1.0,0.6666666666666666,21,0.0,0.0,0.0,21,0.5,0.5,0.25,0.5,0.3333333333333333,2,0.5,1.0,0.6666666666666666,1,0.0,0.0,0.0,1
hepatorrenal,small_full,small,full,384,frame,logistic_regression,P001,84,105,63,0.009123500029090792,0.6984126984126984,0.5476190476190477,0.8442622950819672,0.5476190476190477,0.49472351203039255,63,0.6885245901639344,1.0,0.8155339805825242,42,1.0,0.09523809523809523,0.17391304347826086,21,0.6666666666666666,0.5,0.3333333333333333,0.5,0.4,3,0.6666666666666666,1.0,0.8,2,0.0,0.0,0.0,1
hepatorrenal,small_full,small,full,384,frame,svm_rbf,P001,84,105,63,0.004210899991448969,0.6666666666666666,0.5,0.3333333333333333,0.5,0.4,63,0.6666666666666666,1.0,0.8,42,0.0,0.0,0.0,21,0.6666666666666666,0.5,0.3333333333333333,0.5,0.4,3,0.6666666666666666,1.0,0.8,2,0.0,0.0,0.0,1
hepatorrenal,small_full,small,full,384,frame,random_forest,P001,84,105,63,0.7108670999878086,0.6825396825396826,0.5238095238095238,0.8387096774193548,0.5238095238095238,0.4493006993006993,63,0.6774193548387096,1.0,0.8076923076923077,42,1.0,0.047619047619047616,0.09090909090909091,21,0.6666666666666666,0.5,0.3333333333333333,0.5,0.4,3,0.6666666666666666,1.0,0.8,2,0.0,0.0,0.0,1
hepatorrenal,small_full,small,full,384,frame,knn,P001,84,105,63,0.002558099979069084,0.7142857142857143,0.5714285714285714,0.85,0.5714285714285714,0.5367647058823529,63,0.7,1.0,0.8235294117647058,42,1.0,0.14285714285714285,0.25,21,0.6666666666666666,0.5,0.3333333333333333,0.5,0.4,3,0.6666666666666666,1.0,0.8,2,0.0,0.0,0.0,1
hepatorrenal,small_full,small,full,384,frame,logistic_regression,P002,105,63,42,0.015601599996443838,0.6904761904761905,0.6904761904761905,0.8088235294117647,0.6904761904761905,0.6576802507836991,42,0.6176470588235294,1.0,0.7636363636363637,21,1.0,0.38095238095238093,0.5517241379310345,21,0.5,0.5,0.25,0.5,0.3333333333333333,2,0.5,1.0,0.6666666666666666,1,0.0,0.0,0.0,1
hepatorrenal,small_full,small,full,384,frame,svm_rbf,P002,105,63,42,0.0035344999632798135,0.5,0.5,0.25,0.5,0.3333333333333333,42,0.5,1.0,0.6666666666666666,21,0.0,0.0,0.0,21,0.5,0.5,0.25,0.5,0.3333333333333333,2,0.5,1.0,0.6666666666666666,1,0.0,0.0,0.0,1
hepatorrenal,small_full,small,full,384,frame,random_forest,P002,105,63,42,0.7933569999877363,0.6190476190476191,0.6190476190476191,0.7837837837837838,0.6190476190476191,0.5543766578249337,42,0.5675675675675675,1.0,0.7241379310344828,21,1.0,0.23809523809523808,0.38461538461538464,21,0.5,0.5,0.25,0.5,0.3333333333333333,2,0.5,1.0,0.6666666666666666,1,0.0,0.0,0.0,1
hepatorrenal,small_full,small,full,384,frame,knn,P002,105,63,42,0.0026363999932073057,0.6428571428571429,0.6428571428571428,0.7916666666666667,0.6428571428571428,0.5906432748538011,42,0.5833333333333334,1.0,0.7368421052631579,21,1.0,0.2857142857142857,0.4444444444444444,21,0.5,0.5,0.25,0.5,0.3333333333333333,2,0.5,1.0,0.6666666666666666,1,0.0,0.0,0.0,1
hepatorrenal,small_full,small,full,384,frame,logistic_regression,P003,105,84,42,0.010228800005279481,0.6904761904761905,0.6904761904761905,0.8088235294117647,0.6904761904761905,0.6576802507836991,42,1.0,0.38095238095238093,0.5517241379310345,21,0.6176470588235294,1.0,0.7636363636363637,21,0.5,0.5,0.25,0.5,0.3333333333333333,2,0.0,0.0,0.0,1,0.5,1.0,0.6666666666666666,1
hepatorrenal,small_full,small,full,384,frame,svm_rbf,P003,105,84,42,0.0030176000436767936,0.5238095238095238,0.5238095238095238,0.7560975609756098,0.5238095238095238,0.3841642228739003,42,1.0,0.047619047619047616,0.09090909090909091,21,0.5121951219512195,1.0,0.6774193548387096,21,0.5,0.5,0.25,0.5,0.3333333333333333,2,0.0,0.0,0.0,1,0.5,1.0,0.6666666666666666,1
hepatorrenal,small_full,small,full,384,frame,random_forest,P003,105,84,42,0.9355675000115298,0.6666666666666666,0.6666666666666666,0.8,0.6666666666666666,0.625,42,1.0,0.3333333333333333,0.5,21,0.6,1.0,0.75,21,0.5,0.5,0.25,0.5,0.3333333333333333,2,0.0,0.0,0.0,1,0.5,1.0,0.6666666666666666,1
hepatorrenal,small_full,small,full,384,frame,knn,P003,105,84,42,0.001586599973961711,0.7142857142857143,0.7142857142857143,0.8181818181818181,0.7142857142857143,0.6888888888888889,42,1.0,0.42857142857142855,0.6,21,0.6363636363636364,1.0,0.7777777777777778,21,0.5,0.5,0.25,0.5,0.3333333333333333,2,0.0,0.0,0.0,1,0.5,1.0,0.6666666666666666,1
transversal,small_full,small,full,384,window5,logistic_regression,P001,16,12,8,0.007471000018995255,0.875,0.875,0.9,0.875,0.873015873015873,8,1.0,0.75,0.8571428571428571,4,0.8,1.0,0.8888888888888888,4,1.0,1.0,1.0,1.0,1.0,2,1.0,1.0,1.0,1,1.0,1.0,1.0,1
transversal,small_full,small,full,384,window5,svm_rbf,P001,16,12,8,0.003431499993894249,0.75,0.75,0.75,0.75,0.75,8,0.75,0.75,0.75,4,0.75,0.75,0.75,4,0.5,0.5,0.25,0.5,0.3333333333333333,2,0.0,0.0,0.0,1,0.5,1.0,0.6666666666666666,1
transversal,small_full,small,full,384,window5,random_forest,P001,16,12,8,0.8143491999944672,0.875,0.875,0.9,0.875,0.873015873015873,8,1.0,0.75,0.8571428571428571,4,0.8,1.0,0.8888888888888888,4,1.0,1.0,1.0,1.0,1.0,2,1.0,1.0,1.0,1,1.0,1.0,1.0,1
transversal,small_full,small,full,384,window5,knn,P001,16,12,8,0.0018001000280492008,0.875,0.875,0.9,0.875,0.873015873015873,8,1.0,0.75,0.8571428571428571,4,0.8,1.0,0.8888888888888888,4,1.0,1.0,1.0,1.0,1.0,2,1.0,1.0,1.0,1,1.0,1.0,1.0,1
transversal,small_full,small,full,384,window5,logistic_regression,P002,16,12,8,0.009530800045467913,0.875,0.875,0.9,0.875,0.873015873015873,8,0.8,1.0,0.8888888888888888,4,1.0,0.75,0.8571428571428571,4,1.0,1.0,1.0,1.0,1.0,2,1.0,1.0,1.0,1,1.0,1.0,1.0,1
transversal,small_full,small,full,384,window5,svm_rbf,P002,16,12,8,0.0025305000017397106,1.0,1.0,1.0,1.0,1.0,8,1.0,1.0,1.0,4,1.0,1.0,1.0,4,1.0,1.0,1.0,1.0,1.0,2,1.0,1.0,1.0,1,1.0,1.0,1.0,1
transversal,small_full,small,full,384,window5,random_forest,P002,16,12,8,1.2744961000280455,0.875,0.875,0.9,0.875,0.873015873015873,8,0.8,1.0,0.8888888888888888,4,1.0,0.75,0.8571428571428571,4,1.0,1.0,1.0,1.0,1.0,2,1.0,1.0,1.0,1,1.0,1.0,1.0,1
transversal,small_full,small,full,384,window5,knn,P002,16,12,8,0.003614799992647022,1.0,1.0,1.0,1.0,1.0,8,1.0,1.0,1.0,4,1.0,1.0,1.0,4,1.0,1.0,1.0,1.0,1.0,2,1.0,1.0,1.0,1,1.0,1.0,1.0,1
transversal,small_full,small,full,384,window5,logistic_regression,P003,16,12,8,0.009143600007519126,1.0,1.0,1.0,1.0,1.0,8,1.0,1.0,1.0,4,1.0,1.0,1.0,4,1.0,1.0,1.0,1.0,1.0,2,1.0,1.0,1.0,1,1.0,1.0,1.0,1
transversal,small_full,small,full,384,window5,svm_rbf,P003,16,12,8,0.0026090999599546194,1.0,1.0,1.0,1.0,1.0,8,1.0,1.0,1.0,4,1.0,1.0,1.0,4,1.0,1.0,1.0,1.0,1.0,2,1.0,1.0,1.0,1,1.0,1.0,1.0,1
transversal,small_full,small,full,384,window5,random_forest,P003,16,12,8,0.8740891999914311,1.0,1.0,1.0,1.0,1.0,8,1.0,1.0,1.0,4,1.0,1.0,1.0,4,1.0,1.0,1.0,1.0,1.0,2,1.0,1.0,1.0,1,1.0,1.0,1.0,1
transversal,small_full,small,full,384,window5,knn,P003,16,12,8,0.0015663999947719276,1.0,1.0,1.0,1.0,1.0,8,1.0,1.0,1.0,4,1.0,1.0,1.0,4,1.0,1.0,1.0,1.0,1.0,2,1.0,1.0,1.0,1,1.0,1.0,1.0,1
oblicua,small_full,small,full,384,window5,logistic_regression,P001,20,12,8,0.010368800023570657,0.5,0.5,0.25,0.5,0.3333333333333333,8,0.0,0.0,0.0,4,0.5,1.0,0.6666666666666666,4,0.5,0.5,0.25,0.5,0.3333333333333333,2,0.0,0.0,0.0,1,0.5,1.0,0.6666666666666666,1
oblicua,small_full,small,full,384,window5,svm_rbf,P001,20,12,8,0.0021804000134579837,0.5,0.5,0.25,0.5,0.3333333333333333,8,0.0,0.0,0.0,4,0.5,1.0,0.6666666666666666,4,0.5,0.5,0.25,0.5,0.3333333333333333,2,0.0,0.0,0.0,1,0.5,1.0,0.6666666666666666,1
oblicua,small_full,small,full,384,window5,random_forest,P001,20,12,8,1.0601957000326365,0.5,0.5,0.25,0.5,0.3333333333333333,8,0.0,0.0,0.0,4,0.5,1.0,0.6666666666666666,4,0.5,0.5,0.25,0.5,0.3333333333333333,2,0.0,0.0,0.0,1,0.5,1.0,0.6666666666666666,1
oblicua,small_full,small,full,384,window5,knn,P001,20,12,8,0.002210899954661727,0.5,0.5,0.25,0.5,0.3333333333333333,8,0.0,0.0,0.0,4,0.5,1.0,0.6666666666666666,4,0.5,0.5,0.25,0.5,0.3333333333333333,2,0.0,0.0,0.0,1,0.5,1.0,0.6666666666666666,1
oblicua,small_full,small,full,384,window5,logistic_regression,P002,16,16,12,0.007085999997798353,1.0,1.0,1.0,1.0,1.0,12,1.0,1.0,1.0,4,1.0,1.0,1.0,8,1.0,1.0,1.0,1.0,1.0,3,1.0,1.0,1.0,1,1.0,1.0,1.0,2
oblicua,small_full,small,full,384,window5,svm_rbf,P002,16,16,12,0.0021262000082060695,0.9166666666666666,0.875,0.9444444444444444,0.875,0.8991596638655461,12,1.0,0.75,0.8571428571428571,4,0.8888888888888888,1.0,0.9411764705882353,8,1.0,1.0,1.0,1.0,1.0,3,1.0,1.0,1.0,1,1.0,1.0,1.0,2
oblicua,small_full,small,full,384,window5,random_forest,P002,16,16,12,0.8665290999924764,1.0,1.0,1.0,1.0,1.0,12,1.0,1.0,1.0,4,1.0,1.0,1.0,8,1.0,1.0,1.0,1.0,1.0,3,1.0,1.0,1.0,1,1.0,1.0,1.0,2
oblicua,small_full,small,full,384,window5,knn,P002,16,16,12,0.0023311999975703657,0.9166666666666666,0.875,0.9444444444444444,0.875,0.8991596638655461,12,1.0,0.75,0.8571428571428571,4,0.8888888888888888,1.0,0.9411764705882353,8,1.0,1.0,1.0,1.0,1.0,3,1.0,1.0,1.0,1,1.0,1.0,1.0,2
oblicua,small_full,small,full,384,window5,logistic_regression,P003,20,12,8,0.014198599965311587,0.5,0.5,0.25,0.5,0.3333333333333333,8,0.5,1.0,0.6666666666666666,4,0.0,0.0,0.0,4,0.5,0.5,0.25,0.5,0.3333333333333333,2,0.5,1.0,0.6666666666666666,1,0.0,0.0,0.0,1
oblicua,small_full,small,full,384,window5,svm_rbf,P003,20,12,8,0.002131400047801435,0.5,0.5,0.5,0.5,0.4666666666666667,8,0.5,0.75,0.6,4,0.5,0.25,0.3333333333333333,4,0.5,0.5,0.25,0.5,0.3333333333333333,2,0.5,1.0,0.6666666666666666,1,0.0,0.0,0.0,1
oblicua,small_full,small,full,384,window5,random_forest,P003,20,12,8,0.806895199988503,0.625,0.625,0.7857142857142857,0.625,0.5636363636363637,8,0.5714285714285714,1.0,0.7272727272727273,4,1.0,0.25,0.4,4,0.5,0.5,0.25,0.5,0.3333333333333333,2,0.5,1.0,0.6666666666666666,1,0.0,0.0,0.0,1
oblicua,small_full,small,full,384,window5,knn,P003,20,12,8,0.0014321000198833644,0.5,0.5,0.25,0.5,0.3333333333333333,8,0.5,1.0,0.6666666666666666,4,0.0,0.0,0.0,4,0.5,0.5,0.25,0.5,0.3333333333333333,2,0.5,1.0,0.6666666666666666,1,0.0,0.0,0.0,1
hepatorrenal,small_full,small,full,384,window5,logistic_regression,P001,16,20,12,0.010998099984135479,0.75,0.625,0.8636363636363636,0.625,0.6210526315789473,12,0.7272727272727273,1.0,0.8421052631578947,8,1.0,0.25,0.4,4,0.6666666666666666,0.5,0.3333333333333333,0.5,0.4,3,0.6666666666666666,1.0,0.8,2,0.0,0.0,0.0,1
hepatorrenal,small_full,small,full,384,window5,svm_rbf,P001,16,20,12,0.002844400005415082,0.75,0.625,0.8636363636363636,0.625,0.6210526315789473,12,0.7272727272727273,1.0,0.8421052631578947,8,1.0,0.25,0.4,4,0.6666666666666666,0.5,0.3333333333333333,0.5,0.4,3,0.6666666666666666,1.0,0.8,2,0.0,0.0,0.0,1
hepatorrenal,small_full,small,full,384,window5,random_forest,P001,16,20,12,0.7768183000152931,0.75,0.625,0.8636363636363636,0.625,0.6210526315789473,12,0.7272727272727273,1.0,0.8421052631578947,8,1.0,0.25,0.4,4,0.6666666666666666,0.5,0.3333333333333333,0.5,0.4,3,0.6666666666666666,1.0,0.8,2,0.0,0.0,0.0,1
hepatorrenal,small_full,small,full,384,window5,knn,P001,16,20,12,0.0015215000021271408,0.8333333333333334,0.875,0.8333333333333333,0.875,0.8285714285714285,12,1.0,0.75,0.8571428571428571,8,0.6666666666666666,1.0,0.8,4,1.0,1.0,1.0,1.0,1.0,3,1.0,1.0,1.0,2,1.0,1.0,1.0,1
hepatorrenal,small_full,small,full,384,window5,logistic_regression,P002,20,12,8,0.012281899980735034,0.875,0.875,0.9,0.875,0.873015873015873,8,1.0,0.75,0.8571428571428571,4,0.8,1.0,0.8888888888888888,4,1.0,1.0,1.0,1.0,1.0,2,1.0,1.0,1.0,1,1.0,1.0,1.0,1
hepatorrenal,small_full,small,full,384,window5,svm_rbf,P002,20,12,8,0.0022007999941706657,0.5,0.5,0.25,0.5,0.3333333333333333,8,0.5,1.0,0.6666666666666666,4,0.0,0.0,0.0,4,0.5,0.5,0.25,0.5,0.3333333333333333,2,0.5,1.0,0.6666666666666666,1,0.0,0.0,0.0,1
hepatorrenal,small_full,small,full,384,window5,random_forest,P002,20,12,8,0.9557683000457473,0.875,0.875,0.9,0.875,0.873015873015873,8,0.8,1.0,0.8888888888888888,4,1.0,0.75,0.8571428571428571,4,0.5,0.5,0.25,0.5,0.3333333333333333,2,0.5,1.0,0.6666666666666666,1,0.0,0.0,0.0,1
hepatorrenal,small_full,small,full,384,window5,knn,P002,20,12,8,0.0015580999897792935,1.0,1.0,1.0,1.0,1.0,8,1.0,1.0,1.0,4,1.0,1.0,1.0,4,1.0,1.0,1.0,1.0,1.0,2,1.0,1.0,1.0,1,1.0,1.0,1.0,1
hepatorrenal,small_full,small,full,384,window5,logistic_regression,P003,20,16,8,0.010640199994668365,0.625,0.625,0.7857142857142857,0.625,0.5636363636363637,8,1.0,0.25,0.4,4,0.5714285714285714,1.0,0.7272727272727273,4,0.5,0.5,0.25,0.5,0.3333333333333333,2,0.0,0.0,0.0,1,0.5,1.0,0.6666666666666666,1
hepatorrenal,small_full,small,full,384,window5,svm_rbf,P003,20,16,8,0.003009999985806644,0.5,0.5,0.25,0.5,0.3333333333333333,8,0.0,0.0,0.0,4,0.5,1.0,0.6666666666666666,4,0.5,0.5,0.25,0.5,0.3333333333333333,2,0.0,0.0,0.0,1,0.5,1.0,0.6666666666666666,1
hepatorrenal,small_full,small,full,384,window5,random_forest,P003,20,16,8,0.878010299988091,0.75,0.75,0.8333333333333333,0.75,0.7333333333333334,8,1.0,0.5,0.6666666666666666,4,0.6666666666666666,1.0,0.8,4,0.5,0.5,0.25,0.5,0.3333333333333333,2,0.0,0.0,0.0,1,0.5,1.0,0.6666666666666666,1
hepatorrenal,small_full,small,full,384,window5,knn,P003,20,16,8,0.006831499980762601,0.75,0.75,0.75,0.75,0.75,8,0.75,0.75,0.75,4,0.75,0.75,0.75,4,1.0,1.0,1.0,1.0,1.0,2,1.0,1.0,1.0,1,1.0,1.0,1.0,1
transversal,small_fan_crop,small,fan_crop,384,frame,logistic_regression,P001,84,63,42,0.008481400029268116,0.7619047619047619,0.7619047619047619,0.8387096774193548,0.7619047619047619,0.7475961538461539,42,1.0,0.5238095238095238,0.6875,21,0.6774193548387096,1.0,0.8076923076923077,21,1.0,1.0,1.0,1.0,1.0,2,1.0,1.0,1.0,1,1.0,1.0,1.0,1
transversal,small_fan_crop,small,fan_crop,384,frame,svm_rbf,P001,84,63,42,0.004034199984744191,0.7142857142857143,0.7142857142857143,0.8181818181818181,0.7142857142857143,0.6888888888888889,42,1.0,0.42857142857142855,0.6,21,0.6363636363636364,1.0,0.7777777777777778,21,0.5,0.5,0.25,0.5,0.3333333333333333,2,0.0,0.0,0.0,1,0.5,1.0,0.6666666666666666,1
transversal,small_fan_crop,small,fan_crop,384,frame,random_forest,P001,84,63,42,0.794665299996268,0.7619047619047619,0.7619047619047619,0.8387096774193548,0.7619047619047619,0.7475961538461539,42,1.0,0.5238095238095238,0.6875,21,0.6774193548387096,1.0,0.8076923076923077,21,1.0,1.0,1.0,1.0,1.0,2,1.0,1.0,1.0,1,1.0,1.0,1.0,1
transversal,small_fan_crop,small,fan_crop,384,frame,knn,P001,84,63,42,0.0015804999857209623,0.7142857142857143,0.7142857142857143,0.8181818181818181,0.7142857142857143,0.6888888888888889,42,1.0,0.42857142857142855,0.6,21,0.6363636363636364,1.0,0.7777777777777778,21,0.5,0.5,0.25,0.5,0.3333333333333333,2,0.0,0.0,0.0,1,0.5,1.0,0.6666666666666666,1
transversal,small_fan_crop,small,fan_crop,384,frame,logistic_regression,P002,84,63,42,0.01108229998499155,0.9047619047619048,0.9047619047619048,0.9047619047619048,0.9047619047619048,0.9047619047619048,42,0.9047619047619048,0.9047619047619048,0.9047619047619048,21,0.9047619047619048,0.9047619047619048,0.9047619047619048,21,1.0,1.0,1.0,1.0,1.0,2,1.0,1.0,1.0,1,1.0,1.0,1.0,1
transversal,small_fan_crop,small,fan_crop,384,frame,svm_rbf,P002,84,63,42,0.002583299996331334,0.8571428571428571,0.8571428571428572,0.8888888888888888,0.8571428571428572,0.8541666666666667,42,0.7777777777777778,1.0,0.875,21,1.0,0.7142857142857143,0.8333333333333334,21,1.0,1.0,1.0,1.0,1.0,2,1.0,1.0,1.0,1,1.0,1.0,1.0,1
transversal,small_fan_crop,small,fan_crop,384,frame,random_forest,P002,84,63,42,1.0346573000424542,0.9047619047619048,0.9047619047619047,0.9084668192219679,0.9047619047619047,0.9045454545454545,42,0.8695652173913043,0.9523809523809523,0.9090909090909091,21,0.9473684210526315,0.8571428571428571,0.9,21,1.0,1.0,1.0,1.0,1.0,2,1.0,1.0,1.0,1,1.0,1.0,1.0,1
transversal,small_fan_crop,small,fan_crop,384,frame,knn,P002,84,63,42,0.004139199969358742,0.7619047619047619,0.7619047619047619,0.7717647058823529,0.7619047619047619,0.7597254004576659,42,0.72,0.8571428571428571,0.782608695652174,21,0.8235294117647058,0.6666666666666666,0.7368421052631579,21,1.0,1.0,1.0,1.0,1.0,2,1.0,1.0,1.0,1,1.0,1.0,1.0,1
transversal,small_fan_crop,small,fan_crop,384,frame,logistic_regression,P003,84,63,42,0.00961119995918125,0.9285714285714286,0.9285714285714286,0.9375,0.9285714285714286,0.9282051282051282,42,0.875,1.0,0.9333333333333333,21,1.0,0.8571428571428571,0.9230769230769231,21,1.0,1.0,1.0,1.0,1.0,2,1.0,1.0,1.0,1,1.0,1.0,1.0,1
transversal,small_fan_crop,small,fan_crop,384,frame,svm_rbf,P003,84,63,42,0.0028586999978870153,0.9761904761904762,0.9761904761904762,0.9772727272727273,0.9761904761904762,0.9761769710720363,42,0.9545454545454546,1.0,0.9767441860465116,21,1.0,0.9523809523809523,0.975609756097561,21,1.0,1.0,1.0,1.0,1.0,2,1.0,1.0,1.0,1,1.0,1.0,1.0,1
transversal,small_fan_crop,small,fan_crop,384,frame,random_forest,P003,84,63,42,1.1196078999782912,0.9761904761904762,0.9761904761904762,0.9772727272727273,0.9761904761904762,0.9761769710720363,42,0.9545454545454546,1.0,0.9767441860465116,21,1.0,0.9523809523809523,0.975609756097561,21,1.0,1.0,1.0,1.0,1.0,2,1.0,1.0,1.0,1,1.0,1.0,1.0,1
transversal,small_fan_crop,small,fan_crop,384,frame,knn,P003,84,63,42,0.0018455999670550227,0.9285714285714286,0.9285714285714286,0.9375,0.9285714285714286,0.9282051282051282,42,0.875,1.0,0.9333333333333333,21,1.0,0.8571428571428571,0.9230769230769231,21,1.0,1.0,1.0,1.0,1.0,2,1.0,1.0,1.0,1,1.0,1.0,1.0,1
oblicua,small_fan_crop,small,fan_crop,384,frame,logistic_regression,P001,105,63,42,0.013412300031632185,0.9047619047619048,0.9047619047619048,0.9199999999999999,0.9047619047619048,0.9038901601830663,42,0.84,1.0,0.9130434782608695,21,1.0,0.8095238095238095,0.8947368421052632,21,1.0,1.0,1.0,1.0,1.0,2,1.0,1.0,1.0,1,1.0,1.0,1.0,1
oblicua,small_fan_crop,small,fan_crop,384,frame,svm_rbf,P001,105,63,42,0.00506120000500232,0.7142857142857143,0.7142857142857143,0.7223529411764706,0.7142857142857143,0.7116704805491991,42,0.68,0.8095238095238095,0.7391304347826086,21,0.7647058823529411,0.6190476190476191,0.6842105263157895,21,1.0,1.0,1.0,1.0,1.0,2,1.0,1.0,1.0,1,1.0,1.0,1.0,1
oblicua,small_fan_crop,small,fan_crop,384,frame,random_forest,P001,105,63,42,1.0309049999923445,0.6666666666666666,0.6666666666666666,0.8,0.6666666666666666,0.625,42,1.0,0.3333333333333333,0.5,21,0.6,1.0,0.75,21,0.5,0.5,0.25,0.5,0.3333333333333333,2,0.0,0.0,0.0,1,0.5,1.0,0.6666666666666666,1
oblicua,small_fan_crop,small,fan_crop,384,frame,knn,P001,105,63,42,0.00427010003477335,0.6428571428571429,0.6428571428571428,0.696875,0.6428571428571428,0.616555082166768,42,0.8,0.38095238095238093,0.5161290322580645,21,0.59375,0.9047619047619048,0.7169811320754716,21,0.5,0.5,0.25,0.5,0.3333333333333333,2,0.0,0.0,0.0,1,0.5,1.0,0.6666666666666666,1
oblicua,small_fan_crop,small,fan_crop,384,frame,logistic_regression,P002,84,84,63,0.009225799993146211,0.9365079365079365,0.9523809523809523,0.9199999999999999,0.9523809523809523,0.9315217391304347,63,0.84,1.0,0.9130434782608695,21,1.0,0.9047619047619048,0.95,42,1.0,1.0,1.0,1.0,1.0,3,1.0,1.0,1.0,1,1.0,1.0,1.0,2
oblicua,small_fan_crop,small,fan_crop,384,frame,svm_rbf,P002,84,84,63,0.0030821000109426677,0.6507936507936508,0.7380952380952381,0.7441860465116279,0.7380952380952381,0.6507056451612903,63,0.4883720930232558,1.0,0.65625,21,1.0,0.47619047619047616,0.6451612903225806,42,0.3333333333333333,0.5,0.16666666666666666,0.5,0.25,3,0.3333333333333333,1.0,0.5,1,0.0,0.0,0.0,2
oblicua,small_fan_crop,small,fan_crop,384,frame,random_forest,P002,84,84,63,1.1308668999699876,0.9365079365079365,0.9523809523809523,0.9199999999999999,0.9523809523809523,0.9315217391304347,63,0.84,1.0,0.9130434782608695,21,1.0,0.9047619047619048,0.95,42,1.0,1.0,1.0,1.0,1.0,3,1.0,1.0,1.0,1,1.0,1.0,1.0,2
oblicua,small_fan_crop,small,fan_crop,384,frame,knn,P002,84,84,63,0.0016468999674543738,0.8888888888888888,0.8333333333333333,0.9285714285714286,0.8333333333333333,0.8615384615384616,63,1.0,0.6666666666666666,0.8,21,0.8571428571428571,1.0,0.9230769230769231,42,1.0,1.0,1.0,1.0,1.0,3,1.0,1.0,1.0,1,1.0,1.0,1.0,2
oblicua,small_fan_crop,small,fan_crop,384,frame,logistic_regression,P003,105,63,42,0.009428999968804419,0.8095238095238095,0.8095238095238095,0.8211764705882353,0.8095238095238095,0.8077803203661327,42,0.8823529411764706,0.7142857142857143,0.7894736842105263,21,0.76,0.9047619047619048,0.8260869565217391,21,1.0,1.0,1.0,1.0,1.0,2,1.0,1.0,1.0,1,1.0,1.0,1.0,1
oblicua,small_fan_crop,small,fan_crop,384,frame,svm_rbf,P003,105,63,42,0.0029959999956190586,0.5238095238095238,0.5238095238095237,0.5897435897435896,0.5238095238095237,0.41666666666666663,42,0.6666666666666666,0.09523809523809523,0.16666666666666666,21,0.5128205128205128,0.9523809523809523,0.6666666666666666,21,0.5,0.5,0.25,0.5,0.3333333333333333,2,0.0,0.0,0.0,1,0.5,1.0,0.6666666666666666,1
oblicua,small_fan_crop,small,fan_crop,384,frame,random_forest,P003,105,63,42,1.0821602999931201,0.8333333333333334,0.8333333333333333,0.8340909090909091,0.8333333333333333,0.8332387975042541,42,0.8181818181818182,0.8571428571428571,0.8372093023255814,21,0.85,0.8095238095238095,0.8292682926829268,21,1.0,1.0,1.0,1.0,1.0,2,1.0,1.0,1.0,1,1.0,1.0,1.0,1
oblicua,small_fan_crop,small,fan_crop,384,frame,knn,P003,105,63,42,0.0027025999734178185,0.7619047619047619,0.7619047619047619,0.7717647058823529,0.7619047619047619,0.7597254004576659,42,0.72,0.8571428571428571,0.782608695652174,21,0.8235294117647058,0.6666666666666666,0.7368421052631579,21,1.0,1.0,1.0,1.0,1.0,2,1.0,1.0,1.0,1,1.0,1.0,1.0,1
hepatorrenal,small_fan_crop,small,fan_crop,384,frame,logistic_regression,P001,84,105,63,0.008858899993356317,0.6984126984126984,0.5833333333333334,0.6670454545454545,0.5833333333333334,0.5744756487735514,63,0.7090909090909091,0.9285714285714286,0.8041237113402062,42,0.625,0.23809523809523808,0.3448275862068966,21,0.6666666666666666,0.5,0.3333333333333333,0.5,0.4,3,0.6666666666666666,1.0,0.8,2,0.0,0.0,0.0,1
hepatorrenal,small_fan_crop,small,fan_crop,384,frame,svm_rbf,P001,84,105,63,0.0029854000313207507,0.6825396825396826,0.5238095238095238,0.8387096774193548,0.5238095238095238,0.4493006993006993,63,0.6774193548387096,1.0,0.8076923076923077,42,1.0,0.047619047619047616,0.09090909090909091,21,0.6666666666666666,0.5,0.3333333333333333,0.5,0.4,3,0.6666666666666666,1.0,0.8,2,0.0,0.0,0.0,1
hepatorrenal,small_fan_crop,small,fan_crop,384,frame,random_forest,P001,84,105,63,0.9752299999818206,0.6984126984126984,0.6904761904761905,0.6746361746361746,0.6904761904761905,0.6776191758685699,63,0.8108108108108109,0.7142857142857143,0.759493670886076,42,0.5384615384615384,0.6666666666666666,0.5957446808510638,21,1.0,1.0,1.0,1.0,1.0,3,1.0,1.0,1.0,2,1.0,1.0,1.0,1
hepatorrenal,small_fan_crop,small,fan_crop,384,frame,knn,P001,84,105,63,0.001698400010354817,0.5555555555555556,0.5714285714285714,0.5636363636363636,0.5714285714285714,0.5462962962962963,63,0.7333333333333333,0.5238095238095238,0.6111111111111112,42,0.3939393939393939,0.6190476190476191,0.48148148148148145,21,0.6666666666666666,0.75,0.75,0.75,0.6666666666666666,3,1.0,0.5,0.6666666666666666,2,0.5,1.0,0.6666666666666666,1
hepatorrenal,small_fan_crop,small,fan_crop,384,frame,logistic_regression,P002,105,63,42,0.009591600042767823,0.5,0.5,0.25,0.5,0.3333333333333333,42,0.5,1.0,0.6666666666666666,21,0.0,0.0,0.0,21,0.5,0.5,0.25,0.5,0.3333333333333333,2,0.5,1.0,0.6666666666666666,1,0.0,0.0,0.0,1
hepatorrenal,small_fan_crop,small,fan_crop,384,frame,svm_rbf,P002,105,63,42,0.003714799997396767,0.5,0.5,0.25,0.5,0.3333333333333333,42,0.5,1.0,0.6666666666666666,21,0.0,0.0,0.0,21,0.5,0.5,0.25,0.5,0.3333333333333333,2,0.5,1.0,0.6666666666666666,1,0.0,0.0,0.0,1
hepatorrenal,small_fan_crop,small,fan_crop,384,frame,random_forest,P002,105,63,42,0.9048636000370607,0.5238095238095238,0.5238095238095238,0.7560975609756098,0.5238095238095238,0.3841642228739003,42,0.5121951219512195,1.0,0.6774193548387096,21,1.0,0.047619047619047616,0.09090909090909091,21,0.5,0.5,0.25,0.5,0.3333333333333333,2,0.5,1.0,0.6666666666666666,1,0.0,0.0,0.0,1
hepatorrenal,small_fan_crop,small,fan_crop,384,frame,knn,P002,105,63,42,0.0017794999876059592,0.5238095238095238,0.5238095238095238,0.7560975609756098,0.5238095238095238,0.3841642228739003,42,0.5121951219512195,1.0,0.6774193548387096,21,1.0,0.047619047619047616,0.09090909090909091,21,0.5,0.5,0.25,0.5,0.3333333333333333,2,0.5,1.0,0.6666666666666666,1,0.0,0.0,0.0,1
hepatorrenal,small_fan_crop,small,fan_crop,384,frame,logistic_regression,P003,105,84,42,0.011941900011152029,0.5714285714285714,0.5714285714285714,0.7692307692307692,0.5714285714285714,0.475,42,1.0,0.14285714285714285,0.25,21,0.5384615384615384,1.0,0.7,21,0.5,0.5,0.25,0.5,0.3333333333333333,2,0.0,0.0,0.0,1,0.5,1.0,0.6666666666666666,1
hepatorrenal,small_fan_crop,small,fan_crop,384,frame,svm_rbf,P003,105,84,42,0.003604399971663952,0.5476190476190477,0.5476190476190477,0.7625,0.5476190476190477,0.43121881682109764,42,1.0,0.09523809523809523,0.17391304347826086,21,0.525,1.0,0.6885245901639344,21,0.5,0.5,0.25,0.5,0.3333333333333333,2,0.0,0.0,0.0,1,0.5,1.0,0.6666666666666666,1
hepatorrenal,small_fan_crop,small,fan_crop,384,frame,random_forest,P003,105,84,42,0.8268070999765769,0.7380952380952381,0.7380952380952381,0.828125,0.7380952380952381,0.71880706025563,42,1.0,0.47619047619047616,0.6451612903225806,21,0.65625,1.0,0.7924528301886793,21,0.5,0.5,0.25,0.5,0.3333333333333333,2,0.0,0.0,0.0,1,0.5,1.0,0.6666666666666666,1
hepatorrenal,small_fan_crop,small,fan_crop,384,frame,knn,P003,105,84,42,0.0025144999963231385,0.6190476190476191,0.6190476190476191,0.653958944281525,0.6190476190476191,0.5961538461538461,42,0.7272727272727273,0.38095238095238093,0.5,21,0.5806451612903226,0.8571428571428571,0.6923076923076923,21,0.5,0.5,0.25,0.5,0.3333333333333333,2,0.0,0.0,0.0,1,0.5,1.0,0.6666666666666666,1
transversal,small_fan_crop,small,fan_crop,384,window5,logistic_regression,P001,16,12,8,0.01748470001621172,0.875,0.875,0.9,0.875,0.873015873015873,8,1.0,0.75,0.8571428571428571,4,0.8,1.0,0.8888888888888888,4,1.0,1.0,1.0,1.0,1.0,2,1.0,1.0,1.0,1,1.0,1.0,1.0,1
transversal,small_fan_crop,small,fan_crop,384,window5,svm_rbf,P001,16,12,8,0.002479099959600717,0.75,0.75,0.75,0.75,0.75,8,0.75,0.75,0.75,4,0.75,0.75,0.75,4,1.0,1.0,1.0,1.0,1.0,2,1.0,1.0,1.0,1,1.0,1.0,1.0,1
transversal,small_fan_crop,small,fan_crop,384,window5,random_forest,P001,16,12,8,0.9378316000220366,0.875,0.875,0.9,0.875,0.873015873015873,8,1.0,0.75,0.8571428571428571,4,0.8,1.0,0.8888888888888888,4,1.0,1.0,1.0,1.0,1.0,2,1.0,1.0,1.0,1,1.0,1.0,1.0,1
transversal,small_fan_crop,small,fan_crop,384,window5,knn,P001,16,12,8,0.0017822000081650913,0.75,0.75,0.75,0.75,0.75,8,0.75,0.75,0.75,4,0.75,0.75,0.75,4,1.0,1.0,1.0,1.0,1.0,2,1.0,1.0,1.0,1,1.0,1.0,1.0,1
transversal,small_fan_crop,small,fan_crop,384,window5,logistic_regression,P002,16,12,8,0.00947920000180602,0.875,0.875,0.9,0.875,0.873015873015873,8,0.8,1.0,0.8888888888888888,4,1.0,0.75,0.8571428571428571,4,1.0,1.0,1.0,1.0,1.0,2,1.0,1.0,1.0,1,1.0,1.0,1.0,1
transversal,small_fan_crop,small,fan_crop,384,window5,svm_rbf,P002,16,12,8,0.002834399987477809,0.875,0.875,0.9,0.875,0.873015873015873,8,0.8,1.0,0.8888888888888888,4,1.0,0.75,0.8571428571428571,4,1.0,1.0,1.0,1.0,1.0,2,1.0,1.0,1.0,1,1.0,1.0,1.0,1
transversal,small_fan_crop,small,fan_crop,384,window5,random_forest,P002,16,12,8,0.9444880000082776,1.0,1.0,1.0,1.0,1.0,8,1.0,1.0,1.0,4,1.0,1.0,1.0,4,1.0,1.0,1.0,1.0,1.0,2,1.0,1.0,1.0,1,1.0,1.0,1.0,1
transversal,small_fan_crop,small,fan_crop,384,window5,knn,P002,16,12,8,0.0014872000319883227,0.625,0.625,0.7857142857142857,0.625,0.5636363636363637,8,1.0,0.25,0.4,4,0.5714285714285714,1.0,0.7272727272727273,4,0.5,0.5,0.25,0.5,0.3333333333333333,2,0.0,0.0,0.0,1,0.5,1.0,0.6666666666666666,1
transversal,small_fan_crop,small,fan_crop,384,window5,logistic_regression,P003,16,12,8,0.01277430000482127,1.0,1.0,1.0,1.0,1.0,8,1.0,1.0,1.0,4,1.0,1.0,1.0,4,1.0,1.0,1.0,1.0,1.0,2,1.0,1.0,1.0,1,1.0,1.0,1.0,1
transversal,small_fan_crop,small,fan_crop,384,window5,svm_rbf,P003,16,12,8,0.0026508999872021377,1.0,1.0,1.0,1.0,1.0,8,1.0,1.0,1.0,4,1.0,1.0,1.0,4,1.0,1.0,1.0,1.0,1.0,2,1.0,1.0,1.0,1,1.0,1.0,1.0,1
transversal,small_fan_crop,small,fan_crop,384,window5,random_forest,P003,16,12,8,0.8226341999834403,1.0,1.0,1.0,1.0,1.0,8,1.0,1.0,1.0,4,1.0,1.0,1.0,4,1.0,1.0,1.0,1.0,1.0,2,1.0,1.0,1.0,1,1.0,1.0,1.0,1
transversal,small_fan_crop,small,fan_crop,384,window5,knn,P003,16,12,8,0.00394550000783056,1.0,1.0,1.0,1.0,1.0,8,1.0,1.0,1.0,4,1.0,1.0,1.0,4,1.0,1.0,1.0,1.0,1.0,2,1.0,1.0,1.0,1,1.0,1.0,1.0,1
oblicua,small_fan_crop,small,fan_crop,384,window5,logistic_regression,P001,20,12,8,0.012477000011131167,1.0,1.0,1.0,1.0,1.0,8,1.0,1.0,1.0,4,1.0,1.0,1.0,4,1.0,1.0,1.0,1.0,1.0,2,1.0,1.0,1.0,1,1.0,1.0,1.0,1
oblicua,small_fan_crop,small,fan_crop,384,window5,svm_rbf,P001,20,12,8,0.0029270999948494136,0.5,0.5,0.25,0.5,0.3333333333333333,8,0.0,0.0,0.0,4,0.5,1.0,0.6666666666666666,4,0.5,0.5,0.25,0.5,0.3333333333333333,2,0.0,0.0,0.0,1,0.5,1.0,0.6666666666666666,1
oblicua,small_fan_crop,small,fan_crop,384,window5,random_forest,P001,20,12,8,0.9517436000169255,0.5,0.5,0.25,0.5,0.3333333333333333,8,0.0,0.0,0.0,4,0.5,1.0,0.6666666666666666,4,0.5,0.5,0.25,0.5,0.3333333333333333,2,0.0,0.0,0.0,1,0.5,1.0,0.6666666666666666,1
oblicua,small_fan_crop,small,fan_crop,384,window5,knn,P001,20,12,8,0.0019380999729037285,0.5,0.5,0.25,0.5,0.3333333333333333,8,0.0,0.0,0.0,4,0.5,1.0,0.6666666666666666,4,0.5,0.5,0.25,0.5,0.3333333333333333,2,0.0,0.0,0.0,1,0.5,1.0,0.6666666666666666,1
oblicua,small_fan_crop,small,fan_crop,384,window5,logistic_regression,P002,16,16,12,0.007506699999794364,1.0,1.0,1.0,1.0,1.0,12,1.0,1.0,1.0,4,1.0,1.0,1.0,8,1.0,1.0,1.0,1.0,1.0,3,1.0,1.0,1.0,1,1.0,1.0,1.0,2
oblicua,small_fan_crop,small,fan_crop,384,window5,svm_rbf,P002,16,16,12,0.0021861999994143844,0.9166666666666666,0.9375,0.9,0.9375,0.9111111111111111,12,0.8,1.0,0.8888888888888888,4,1.0,0.875,0.9333333333333333,8,1.0,1.0,1.0,1.0,1.0,3,1.0,1.0,1.0,1,1.0,1.0,1.0,2
oblicua,small_fan_crop,small,fan_crop,384,window5,random_forest,P002,16,16,12,0.7885262999916449,0.9166666666666666,0.9375,0.9,0.9375,0.9111111111111111,12,0.8,1.0,0.8888888888888888,4,1.0,0.875,0.9333333333333333,8,1.0,1.0,1.0,1.0,1.0,3,1.0,1.0,1.0,1,1.0,1.0,1.0,2
oblicua,small_fan_crop,small,fan_crop,384,window5,knn,P002,16,16,12,0.0015377000090666115,0.75,0.8125,0.7857142857142857,0.8125,0.7482517482517483,12,0.5714285714285714,1.0,0.7272727272727273,4,1.0,0.625,0.7692307692307693,8,0.6666666666666666,0.75,0.75,0.75,0.6666666666666666,3,0.5,1.0,0.6666666666666666,1,1.0,0.5,0.6666666666666666,2
oblicua,small_fan_crop,small,fan_crop,384,window5,logistic_regression,P003,20,12,8,0.01092239998979494,0.875,0.875,0.9,0.875,0.873015873015873,8,1.0,0.75,0.8571428571428571,4,0.8,1.0,0.8888888888888888,4,1.0,1.0,1.0,1.0,1.0,2,1.0,1.0,1.0,1,1.0,1.0,1.0,1
oblicua,small_fan_crop,small,fan_crop,384,window5,svm_rbf,P003,20,12,8,0.0021087999921292067,0.5,0.5,0.25,0.5,0.3333333333333333,8,0.0,0.0,0.0,4,0.5,1.0,0.6666666666666666,4,0.5,0.5,0.25,0.5,0.3333333333333333,2,0.0,0.0,0.0,1,0.5,1.0,0.6666666666666666,1
oblicua,small_fan_crop,small,fan_crop,384,window5,random_forest,P003,20,12,8,0.8884225999936461,0.75,0.75,0.75,0.75,0.75,8,0.75,0.75,0.75,4,0.75,0.75,0.75,4,1.0,1.0,1.0,1.0,1.0,2,1.0,1.0,1.0,1,1.0,1.0,1.0,1
oblicua,small_fan_crop,small,fan_crop,384,window5,knn,P003,20,12,8,0.0038668999914079905,0.75,0.75,0.8333333333333333,0.75,0.7333333333333334,8,1.0,0.5,0.6666666666666666,4,0.6666666666666666,1.0,0.8,4,1.0,1.0,1.0,1.0,1.0,2,1.0,1.0,1.0,1,1.0,1.0,1.0,1
hepatorrenal,small_fan_crop,small,fan_crop,384,window5,logistic_regression,P001,16,20,12,0.013116099988110363,0.6666666666666666,0.625,0.625,0.625,0.625,12,0.75,0.75,0.75,8,0.5,0.5,0.5,4,0.6666666666666666,0.5,0.3333333333333333,0.5,0.4,3,0.6666666666666666,1.0,0.8,2,0.0,0.0,0.0,1
hepatorrenal,small_fan_crop,small,fan_crop,384,window5,svm_rbf,P001,16,20,12,0.0023527999874204397,0.5833333333333334,0.5,0.5,0.5,0.4957983193277311,12,0.6666666666666666,0.75,0.7058823529411765,8,0.3333333333333333,0.25,0.2857142857142857,4,0.6666666666666666,0.5,0.3333333333333333,0.5,0.4,3,0.6666666666666666,1.0,0.8,2,0.0,0.0,0.0,1
hepatorrenal,small_fan_crop,small,fan_crop,384,window5,random_forest,P001,16,20,12,1.0124776000156999,0.75,0.75,0.7285714285714285,0.75,0.7333333333333334,12,0.8571428571428571,0.75,0.8,8,0.6,0.75,0.6666666666666666,4,0.6666666666666666,0.75,0.75,0.75,0.6666666666666666,3,1.0,0.5,0.6666666666666666,2,0.5,1.0,0.6666666666666666,1
hepatorrenal,small_fan_crop,small,fan_crop,384,window5,knn,P001,16,20,12,0.0018159000319428742,0.4166666666666667,0.5625,0.6818181818181819,0.5625,0.37777777777777777,12,1.0,0.125,0.2222222222222222,8,0.36363636363636365,1.0,0.5333333333333333,4,0.3333333333333333,0.5,0.16666666666666666,0.5,0.25,3,0.0,0.0,0.0,2,0.3333333333333333,1.0,0.5,1
hepatorrenal,small_fan_crop,small,fan_crop,384,window5,logistic_regression,P002,20,12,8,0.0112127999891527,0.5,0.5,0.25,0.5,0.3333333333333333,8,0.5,1.0,0.6666666666666666,4,0.0,0.0,0.0,4,0.5,0.5,0.25,0.5,0.3333333333333333,2,0.5,1.0,0.6666666666666666,1,0.0,0.0,0.0,1
hepatorrenal,small_fan_crop,small,fan_crop,384,window5,svm_rbf,P002,20,12,8,0.002346399996895343,0.5,0.5,0.25,0.5,0.3333333333333333,8,0.5,1.0,0.6666666666666666,4,0.0,0.0,0.0,4,0.5,0.5,0.25,0.5,0.3333333333333333,2,0.5,1.0,0.6666666666666666,1,0.0,0.0,0.0,1
hepatorrenal,small_fan_crop,small,fan_crop,384,window5,random_forest,P002,20,12,8,1.0873090999666601,0.5,0.5,0.25,0.5,0.3333333333333333,8,0.5,1.0,0.6666666666666666,4,0.0,0.0,0.0,4,0.5,0.5,0.25,0.5,0.3333333333333333,2,0.5,1.0,0.6666666666666666,1,0.0,0.0,0.0,1
hepatorrenal,small_fan_crop,small,fan_crop,384,window5,knn,P002,20,12,8,0.001625100034289062,0.5,0.5,0.25,0.5,0.3333333333333333,8,0.5,1.0,0.6666666666666666,4,0.0,0.0,0.0,4,0.5,0.5,0.25,0.5,0.3333333333333333,2,0.5,1.0,0.6666666666666666,1,0.0,0.0,0.0,1
hepatorrenal,small_fan_crop,small,fan_crop,384,window5,logistic_regression,P003,20,16,8,0.01077280001481995,0.5,0.5,0.25,0.5,0.3333333333333333,8,0.0,0.0,0.0,4,0.5,1.0,0.6666666666666666,4,0.5,0.5,0.25,0.5,0.3333333333333333,2,0.0,0.0,0.0,1,0.5,1.0,0.6666666666666666,1
hepatorrenal,small_fan_crop,small,fan_crop,384,window5,svm_rbf,P003,20,16,8,0.0023149000480771065,0.75,0.75,0.8333333333333333,0.75,0.7333333333333334,8,1.0,0.5,0.6666666666666666,4,0.6666666666666666,1.0,0.8,4,0.5,0.5,0.25,0.5,0.3333333333333333,2,0.0,0.0,0.0,1,0.5,1.0,0.6666666666666666,1
hepatorrenal,small_fan_crop,small,fan_crop,384,window5,random_forest,P003,20,16,8,1.2454380000126548,0.75,0.75,0.8333333333333333,0.75,0.7333333333333334,8,1.0,0.5,0.6666666666666666,4,0.6666666666666666,1.0,0.8,4,0.5,0.5,0.25,0.5,0.3333333333333333,2,0.0,0.0,0.0,1,0.5,1.0,0.6666666666666666,1
hepatorrenal,small_fan_crop,small,fan_crop,384,window5,knn,P003,20,16,8,0.0019653000053949654,0.625,0.625,0.7857142857142857,0.625,0.5636363636363637,8,1.0,0.25,0.4,4,0.5714285714285714,1.0,0.7272727272727273,4,0.5,0.5,0.25,0.5,0.3333333333333333,2,0.0,0.0,0.0,1,0.5,1.0,0.6666666666666666,1
transversal,base_fan_crop,base,fan_crop,768,frame,logistic_regression,P001,84,63,42,0.011284600012004375,0.8571428571428571,0.8571428571428572,0.8888888888888888,0.8571428571428572,0.8541666666666667,42,1.0,0.7142857142857143,0.8333333333333334,21,0.7777777777777778,1.0,0.875,21,1.0,1.0,1.0,1.0,1.0,2,1.0,1.0,1.0,1,1.0,1.0,1.0,1
transversal,base_fan_crop,base,fan_crop,768,frame,svm_rbf,P001,84,63,42,0.006549699988681823,0.6904761904761905,0.6904761904761905,0.6909090909090909,0.6904761904761905,0.690300623936472,42,0.6818181818181818,0.7142857142857143,0.6976744186046512,21,0.7,0.6666666666666666,0.6829268292682927,21,1.0,1.0,1.0,1.0,1.0,2,1.0,1.0,1.0,1,1.0,1.0,1.0,1
transversal,base_fan_crop,base,fan_crop,768,frame,random_forest,P001,84,63,42,1.0171843999996781,0.9285714285714286,0.9285714285714286,0.9375,0.9285714285714286,0.9282051282051282,42,1.0,0.8571428571428571,0.9230769230769231,21,0.875,1.0,0.9333333333333333,21,1.0,1.0,1.0,1.0,1.0,2,1.0,1.0,1.0,1,1.0,1.0,1.0,1
transversal,base_fan_crop,base,fan_crop,768,frame,knn,P001,84,63,42,0.0029198999982327223,0.8095238095238095,0.8095238095238095,0.8620689655172413,0.8095238095238095,0.8023529411764705,42,1.0,0.6190476190476191,0.7647058823529411,21,0.7241379310344828,1.0,0.84,21,1.0,1.0,1.0,1.0,1.0,2,1.0,1.0,1.0,1,1.0,1.0,1.0,1
transversal,base_fan_crop,base,fan_crop,768,frame,logistic_regression,P002,84,63,42,0.008865100040566176,0.7380952380952381,0.7380952380952381,0.7524038461538461,0.7380952380952381,0.7343300747556067,42,0.6923076923076923,0.8571428571428571,0.7659574468085106,21,0.8125,0.6190476190476191,0.7027027027027027,21,1.0,1.0,1.0,1.0,1.0,2,1.0,1.0,1.0,1,1.0,1.0,1.0,1
transversal,base_fan_crop,base,fan_crop,768,frame,svm_rbf,P002,84,63,42,0.0038545000134035945,0.6428571428571429,0.6428571428571428,0.696875,0.6428571428571428,0.616555082166768,42,0.59375,0.9047619047619048,0.7169811320754716,21,0.8,0.38095238095238093,0.5161290322580645,21,0.5,0.5,0.25,0.5,0.3333333333333333,2,0.5,1.0,0.6666666666666666,1,0.0,0.0,0.0,1
transversal,base_fan_crop,base,fan_crop,768,frame,random_forest,P002,84,63,42,0.9643625000026077,0.8571428571428571,0.8571428571428571,0.8705882352941177,0.8571428571428571,0.8558352402745995,42,0.9411764705882353,0.7619047619047619,0.8421052631578947,21,0.8,0.9523809523809523,0.8695652173913043,21,1.0,1.0,1.0,1.0,1.0,2,1.0,1.0,1.0,1,1.0,1.0,1.0,1
transversal,base_fan_crop,base,fan_crop,768,frame,knn,P002,84,63,42,0.003473800024949014,0.6904761904761905,0.6904761904761905,0.6944444444444444,0.6904761904761905,0.6888888888888889,42,0.6666666666666666,0.7619047619047619,0.7111111111111111,21,0.7222222222222222,0.6190476190476191,0.6666666666666666,21,1.0,1.0,1.0,1.0,1.0,2,1.0,1.0,1.0,1,1.0,1.0,1.0,1
transversal,base_fan_crop,base,fan_crop,768,frame,logistic_regression,P003,84,63,42,0.013382199977058917,0.9523809523809523,0.9523809523809523,0.9565217391304348,0.9523809523809523,0.9522727272727273,42,0.9130434782608695,1.0,0.9545454545454546,21,1.0,0.9047619047619048,0.95,21,1.0,1.0,1.0,1.0,1.0,2,1.0,1.0,1.0,1,1.0,1.0,1.0,1
transversal,base_fan_crop,base,fan_crop,768,frame,svm_rbf,P003,84,63,42,0.003222299972549081,0.9761904761904762,0.9761904761904762,0.9772727272727273,0.9761904761904762,0.9761769710720363,42,0.9545454545454546,1.0,0.9767441860465116,21,1.0,0.9523809523809523,0.975609756097561,21,1.0,1.0,1.0,1.0,1.0,2,1.0,1.0,1.0,1,1.0,1.0,1.0,1
transversal,base_fan_crop,base,fan_crop,768,frame,random_forest,P003,84,63,42,0.9917477000271901,0.9761904761904762,0.9761904761904762,0.9772727272727273,0.9761904761904762,0.9761769710720363,42,0.9545454545454546,1.0,0.9767441860465116,21,1.0,0.9523809523809523,0.975609756097561,21,1.0,1.0,1.0,1.0,1.0,2,1.0,1.0,1.0,1,1.0,1.0,1.0,1
transversal,base_fan_crop,base,fan_crop,768,frame,knn,P003,84,63,42,0.0036748999846167862,0.8571428571428571,0.8571428571428572,0.8604118993135011,0.8571428571428572,0.8568181818181818,42,0.8947368421052632,0.8095238095238095,0.85,21,0.8260869565217391,0.9047619047619048,0.8636363636363636,21,1.0,1.0,1.0,1.0,1.0,2,1.0,1.0,1.0,1,1.0,1.0,1.0,1
oblicua,base_fan_crop,base,fan_crop,768,frame,logistic_regression,P001,105,63,42,0.010760299977846444,0.8809523809523809,0.8809523809523809,0.8818181818181818,0.8809523809523809,0.8808848553601816,42,0.8636363636363636,0.9047619047619048,0.8837209302325582,21,0.9,0.8571428571428571,0.8780487804878049,21,1.0,1.0,1.0,1.0,1.0,2,1.0,1.0,1.0,1,1.0,1.0,1.0,1
oblicua,base_fan_crop,base,fan_crop,768,frame,svm_rbf,P001,105,63,42,0.010198900010436773,0.8809523809523809,0.8809523809523809,0.8818181818181818,0.8809523809523809,0.8808848553601816,42,0.9,0.8571428571428571,0.8780487804878049,21,0.8636363636363636,0.9047619047619048,0.8837209302325582,21,1.0,1.0,1.0,1.0,1.0,2,1.0,1.0,1.0,1,1.0,1.0,1.0,1
oblicua,base_fan_crop,base,fan_crop,768,frame,random_forest,P001,105,63,42,0.851071499986574,0.6428571428571429,0.6428571428571428,0.7316176470588236,0.6428571428571428,0.6050156739811913,42,0.875,0.3333333333333333,0.4827586206896552,21,0.5882352941176471,0.9523809523809523,0.7272727272727273,21,0.5,0.5,0.25,0.5,0.3333333333333333,2,0.0,0.0,0.0,1,0.5,1.0,0.6666666666666666,1
oblicua,base_fan_crop,base,fan_crop,768,frame,knn,P001,105,63,42,0.0024366999859921634,0.8095238095238095,0.8095238095238095,0.837037037037037,0.8095238095238095,0.8055555555555556,42,0.9333333333333333,0.6666666666666666,0.7777777777777778,21,0.7407407407407407,0.9523809523809523,0.8333333333333334,21,1.0,1.0,1.0,1.0,1.0,2,1.0,1.0,1.0,1,1.0,1.0,1.0,1
oblicua,base_fan_crop,base,fan_crop,768,frame,logistic_regression,P002,84,84,63,0.018775700009427965,0.9047619047619048,0.9285714285714286,0.8888888888888888,0.9285714285714286,0.8990384615384616,63,0.7777777777777778,1.0,0.875,21,1.0,0.8571428571428571,0.9230769230769231,42,1.0,1.0,1.0,1.0,1.0,3,1.0,1.0,1.0,1,1.0,1.0,1.0,2
oblicua,base_fan_crop,base,fan_crop,768,frame,svm_rbf,P002,84,84,63,0.004087799985427409,0.6031746031746031,0.7023809523809523,0.7282608695652174,0.7023809523809523,0.6015684290412345,63,0.45652173913043476,1.0,0.6268656716417911,21,1.0,0.40476190476190477,0.576271186440678,42,0.6666666666666666,0.75,0.75,0.75,0.6666666666666666,3,0.5,1.0,0.6666666666666666,1,1.0,0.5,0.6666666666666666,2
oblicua,base_fan_crop,base,fan_crop,768,frame,random_forest,P002,84,84,63,1.0993056999868713,0.9682539682539683,0.9761904761904762,0.9565217391304348,0.9761904761904762,0.9650776053215078,63,0.9130434782608695,1.0,0.9545454545454546,21,1.0,0.9523809523809523,0.975609756097561,42,1.0,1.0,1.0,1.0,1.0,3,1.0,1.0,1.0,1,1.0,1.0,1.0,2
oblicua,base_fan_crop,base,fan_crop,768,frame,knn,P002,84,84,63,0.0018560999887995422,0.873015873015873,0.9047619047619048,0.8620689655172413,0.9047619047619048,0.8673684210526316,63,0.7241379310344828,1.0,0.84,21,1.0,0.8095238095238095,0.8947368421052632,42,1.0,1.0,1.0,1.0,1.0,3,1.0,1.0,1.0,1,1.0,1.0,1.0,2
oblicua,base_fan_crop,base,fan_crop,768,frame,logistic_regression,P003,105,63,42,0.01377610000781715,0.5714285714285714,0.5714285714285714,0.7692307692307692,0.5714285714285714,0.475,42,0.5384615384615384,1.0,0.7,21,1.0,0.14285714285714285,0.25,21,0.5,0.5,0.25,0.5,0.3333333333333333,2,0.5,1.0,0.6666666666666666,1,0.0,0.0,0.0,1
oblicua,base_fan_crop,base,fan_crop,768,frame,svm_rbf,P003,105,63,42,0.004591000033542514,0.5238095238095238,0.5238095238095237,0.5897435897435896,0.5238095238095237,0.41666666666666663,42,0.5128205128205128,0.9523809523809523,0.6666666666666666,21,0.6666666666666666,0.09523809523809523,0.16666666666666666,21,0.5,0.5,0.25,0.5,0.3333333333333333,2,0.5,1.0,0.6666666666666666,1,0.0,0.0,0.0,1
oblicua,base_fan_crop,base,fan_crop,768,frame,random_forest,P003,105,63,42,0.885871300008148,0.5952380952380952,0.5952380952380952,0.7763157894736843,0.5952380952380952,0.5159322033898305,42,0.5526315789473685,1.0,0.711864406779661,21,1.0,0.19047619047619047,0.32,21,0.5,0.5,0.25,0.5,0.3333333333333333,2,0.5,1.0,0.6666666666666666,1,0.0,0.0,0.0,1
oblicua,base_fan_crop,base,fan_crop,768,frame,knn,P003,105,63,42,0.00359440001193434,0.5238095238095238,0.5238095238095238,0.7560975609756098,0.5238095238095238,0.3841642228739003,42,0.5121951219512195,1.0,0.6774193548387096,21,1.0,0.047619047619047616,0.09090909090909091,21,0.5,0.5,0.25,0.5,0.3333333333333333,2,0.5,1.0,0.6666666666666666,1,0.0,0.0,0.0,1
hepatorrenal,base_fan_crop,base,fan_crop,768,frame,logistic_regression,P001,84,105,63,0.0119639000040479,0.6666666666666666,0.5,0.3333333333333333,0.5,0.4,63,0.6666666666666666,1.0,0.8,42,0.0,0.0,0.0,21,0.6666666666666666,0.5,0.3333333333333333,0.5,0.4,3,0.6666666666666666,1.0,0.8,2,0.0,0.0,0.0,1
hepatorrenal,base_fan_crop,base,fan_crop,768,frame,svm_rbf,P001,84,105,63,0.004243099945597351,0.6666666666666666,0.5,0.3333333333333333,0.5,0.4,63,0.6666666666666666,1.0,0.8,42,0.0,0.0,0.0,21,0.6666666666666666,0.5,0.3333333333333333,0.5,0.4,3,0.6666666666666666,1.0,0.8,2,0.0,0.0,0.0,1
hepatorrenal,base_fan_crop,base,fan_crop,768,frame,random_forest,P001,84,105,63,0.8098792000091635,0.6825396825396826,0.5357142857142857,0.675,0.5357142857142857,0.4852941176470588,63,0.6833333333333333,0.9761904761904762,0.803921568627451,42,0.6666666666666666,0.09523809523809523,0.16666666666666666,21,0.6666666666666666,0.5,0.3333333333333333,0.5,0.4,3,0.6666666666666666,1.0,0.8,2,0.0,0.0,0.0,1
hepatorrenal,base_fan_crop,base,fan_crop,768,frame,knn,P001,84,105,63,0.0021065999753773212,0.6190476190476191,0.4880952380952381,0.4732142857142857,0.4880952380952381,0.44897959183673464,63,0.6607142857142857,0.8809523809523809,0.7551020408163265,42,0.2857142857142857,0.09523809523809523,0.14285714285714285,21,0.6666666666666666,0.5,0.3333333333333333,0.5,0.4,3,0.6666666666666666,1.0,0.8,2,0.0,0.0,0.0,1
hepatorrenal,base_fan_crop,base,fan_crop,768,frame,logistic_regression,P002,105,63,42,0.011860699974931777,0.6190476190476191,0.6190476190476191,0.7837837837837838,0.6190476190476191,0.5543766578249337,42,0.5675675675675675,1.0,0.7241379310344828,21,1.0,0.23809523809523808,0.38461538461538464,21,0.5,0.5,0.25,0.5,0.3333333333333333,2,0.5,1.0,0.6666666666666666,1,0.0,0.0,0.0,1
hepatorrenal,base_fan_crop,base,fan_crop,768,frame,svm_rbf,P002,105,63,42,0.004256499989423901,0.5,0.5,0.25,0.5,0.3333333333333333,42,0.5,1.0,0.6666666666666666,21,0.0,0.0,0.0,21,0.5,0.5,0.25,0.5,0.3333333333333333,2,0.5,1.0,0.6666666666666666,1,0.0,0.0,0.0,1
hepatorrenal,base_fan_crop,base,fan_crop,768,frame,random_forest,P002,105,63,42,0.692243299970869,0.7142857142857143,0.7142857142857143,0.8181818181818181,0.7142857142857143,0.6888888888888889,42,0.6363636363636364,1.0,0.7777777777777778,21,1.0,0.42857142857142855,0.6,21,0.5,0.5,0.25,0.5,0.3333333333333333,2,0.5,1.0,0.6666666666666666,1,0.0,0.0,0.0,1
hepatorrenal,base_fan_crop,base,fan_crop,768,frame,knn,P002,105,63,42,0.002265100018121302,0.6666666666666666,0.6666666666666666,0.8,0.6666666666666666,0.625,42,0.6,1.0,0.75,21,1.0,0.3333333333333333,0.5,21,0.5,0.5,0.25,0.5,0.3333333333333333,2,0.5,1.0,0.6666666666666666,1,0.0,0.0,0.0,1
hepatorrenal,base_fan_crop,base,fan_crop,768,frame,logistic_regression,P003,105,84,42,0.011393099965061992,0.5476190476190477,0.5476190476190477,0.7625,0.5476190476190477,0.43121881682109764,42,1.0,0.09523809523809523,0.17391304347826086,21,0.525,1.0,0.6885245901639344,21,0.5,0.5,0.25,0.5,0.3333333333333333,2,0.0,0.0,0.0,1,0.5,1.0,0.6666666666666666,1
hepatorrenal,base_fan_crop,base,fan_crop,768,frame,svm_rbf,P003,105,84,42,0.005141599976923317,0.5,0.5,0.25,0.5,0.3333333333333333,42,0.0,0.0,0.0,21,0.5,1.0,0.6666666666666666,21,0.5,0.5,0.25,0.5,0.3333333333333333,2,0.0,0.0,0.0,1,0.5,1.0,0.6666666666666666,1
hepatorrenal,base_fan_crop,base,fan_crop,768,frame,random_forest,P003,105,84,42,0.8251992999576032,0.5238095238095238,0.5238095238095238,0.7560975609756098,0.5238095238095238,0.3841642228739003,42,1.0,0.047619047619047616,0.09090909090909091,21,0.5121951219512195,1.0,0.6774193548387096,21,0.5,0.5,0.25,0.5,0.3333333333333333,2,0.0,0.0,0.0,1,0.5,1.0,0.6666666666666666,1
hepatorrenal,base_fan_crop,base,fan_crop,768,frame,knn,P003,105,84,42,0.0018570999964140356,0.30952380952380953,0.30952380952380953,0.2857142857142857,0.30952380952380953,0.28979591836734697,42,0.21428571428571427,0.14285714285714285,0.17142857142857143,21,0.35714285714285715,0.47619047619047616,0.40816326530612246,21,0.5,0.5,0.25,0.5,0.3333333333333333,2,0.0,0.0,0.0,1,0.5,1.0,0.6666666666666666,1
transversal,base_fan_crop,base,fan_crop,768,window5,logistic_regression,P001,16,12,8,0.03377059998456389,0.875,0.875,0.9,0.875,0.873015873015873,8,1.0,0.75,0.8571428571428571,4,0.8,1.0,0.8888888888888888,4,1.0,1.0,1.0,1.0,1.0,2,1.0,1.0,1.0,1,1.0,1.0,1.0,1
transversal,base_fan_crop,base,fan_crop,768,window5,svm_rbf,P001,16,12,8,0.004772100015543401,0.625,0.625,0.6333333333333333,0.625,0.6190476190476191,8,0.6,0.75,0.6666666666666666,4,0.6666666666666666,0.5,0.5714285714285714,4,1.0,1.0,1.0,1.0,1.0,2,1.0,1.0,1.0,1,1.0,1.0,1.0,1
transversal,base_fan_crop,base,fan_crop,768,window5,random_forest,P001,16,12,8,0.8860506000346504,0.875,0.875,0.9,0.875,0.873015873015873,8,1.0,0.75,0.8571428571428571,4,0.8,1.0,0.8888888888888888,4,1.0,1.0,1.0,1.0,1.0,2,1.0,1.0,1.0,1,1.0,1.0,1.0,1
transversal,base_fan_crop,base,fan_crop,768,window5,knn,P001,16,12,8,0.0019517000182531774,0.75,0.75,0.75,0.75,0.75,8,0.75,0.75,0.75,4,0.75,0.75,0.75,4,1.0,1.0,1.0,1.0,1.0,2,1.0,1.0,1.0,1,1.0,1.0,1.0,1
transversal,base_fan_crop,base,fan_crop,768,window5,logistic_regression,P002,16,12,8,0.011954699992202222,1.0,1.0,1.0,1.0,1.0,8,1.0,1.0,1.0,4,1.0,1.0,1.0,4,1.0,1.0,1.0,1.0,1.0,2,1.0,1.0,1.0,1,1.0,1.0,1.0,1
transversal,base_fan_crop,base,fan_crop,768,window5,svm_rbf,P002,16,12,8,0.0027446000021882355,0.875,0.875,0.9,0.875,0.873015873015873,8,1.0,0.75,0.8571428571428571,4,0.8,1.0,0.8888888888888888,4,1.0,1.0,1.0,1.0,1.0,2,1.0,1.0,1.0,1,1.0,1.0,1.0,1
transversal,base_fan_crop,base,fan_crop,768,window5,random_forest,P002,16,12,8,0.8879698000382632,0.875,0.875,0.9,0.875,0.873015873015873,8,1.0,0.75,0.8571428571428571,4,0.8,1.0,0.8888888888888888,4,1.0,1.0,1.0,1.0,1.0,2,1.0,1.0,1.0,1,1.0,1.0,1.0,1
transversal,base_fan_crop,base,fan_crop,768,window5,knn,P002,16,12,8,0.003674600040540099,0.625,0.625,0.7857142857142857,0.625,0.5636363636363637,8,1.0,0.25,0.4,4,0.5714285714285714,1.0,0.7272727272727273,4,0.5,0.5,0.25,0.5,0.3333333333333333,2,0.0,0.0,0.0,1,0.5,1.0,0.6666666666666666,1
transversal,base_fan_crop,base,fan_crop,768,window5,logistic_regression,P003,16,12,8,0.012015399988740683,1.0,1.0,1.0,1.0,1.0,8,1.0,1.0,1.0,4,1.0,1.0,1.0,4,1.0,1.0,1.0,1.0,1.0,2,1.0,1.0,1.0,1,1.0,1.0,1.0,1
transversal,base_fan_crop,base,fan_crop,768,window5,svm_rbf,P003,16,12,8,0.002347299945540726,1.0,1.0,1.0,1.0,1.0,8,1.0,1.0,1.0,4,1.0,1.0,1.0,4,1.0,1.0,1.0,1.0,1.0,2,1.0,1.0,1.0,1,1.0,1.0,1.0,1
transversal,base_fan_crop,base,fan_crop,768,window5,random_forest,P003,16,12,8,0.9154356999788433,1.0,1.0,1.0,1.0,1.0,8,1.0,1.0,1.0,4,1.0,1.0,1.0,4,1.0,1.0,1.0,1.0,1.0,2,1.0,1.0,1.0,1,1.0,1.0,1.0,1
transversal,base_fan_crop,base,fan_crop,768,window5,knn,P003,16,12,8,0.0023344000219367445,1.0,1.0,1.0,1.0,1.0,8,1.0,1.0,1.0,4,1.0,1.0,1.0,4,1.0,1.0,1.0,1.0,1.0,2,1.0,1.0,1.0,1,1.0,1.0,1.0,1
oblicua,base_fan_crop,base,fan_crop,768,window5,logistic_regression,P001,20,12,8,0.011823699984233826,1.0,1.0,1.0,1.0,1.0,8,1.0,1.0,1.0,4,1.0,1.0,1.0,4,1.0,1.0,1.0,1.0,1.0,2,1.0,1.0,1.0,1,1.0,1.0,1.0,1
oblicua,base_fan_crop,base,fan_crop,768,window5,svm_rbf,P001,20,12,8,0.0025698000099509954,0.75,0.75,0.8333333333333333,0.75,0.7333333333333334,8,1.0,0.5,0.6666666666666666,4,0.6666666666666666,1.0,0.8,4,0.5,0.5,0.25,0.5,0.3333333333333333,2,0.0,0.0,0.0,1,0.5,1.0,0.6666666666666666,1
oblicua,base_fan_crop,base,fan_crop,768,window5,random_forest,P001,20,12,8,0.9732759000035003,0.625,0.625,0.7857142857142857,0.625,0.5636363636363637,8,1.0,0.25,0.4,4,0.5714285714285714,1.0,0.7272727272727273,4,0.5,0.5,0.25,0.5,0.3333333333333333,2,0.0,0.0,0.0,1,0.5,1.0,0.6666666666666666,1
oblicua,base_fan_crop,base,fan_crop,768,window5,knn,P001,20,12,8,0.0018493999959900975,1.0,1.0,1.0,1.0,1.0,8,1.0,1.0,1.0,4,1.0,1.0,1.0,4,1.0,1.0,1.0,1.0,1.0,2,1.0,1.0,1.0,1,1.0,1.0,1.0,1
oblicua,base_fan_crop,base,fan_crop,768,window5,logistic_regression,P002,16,16,12,0.012604699993971735,1.0,1.0,1.0,1.0,1.0,12,1.0,1.0,1.0,4,1.0,1.0,1.0,8,1.0,1.0,1.0,1.0,1.0,3,1.0,1.0,1.0,1,1.0,1.0,1.0,2
oblicua,base_fan_crop,base,fan_crop,768,window5,svm_rbf,P002,16,16,12,0.002215899992734194,0.9166666666666666,0.9375,0.9,0.9375,0.9111111111111111,12,0.8,1.0,0.8888888888888888,4,1.0,0.875,0.9333333333333333,8,1.0,1.0,1.0,1.0,1.0,3,1.0,1.0,1.0,1,1.0,1.0,1.0,2
oblicua,base_fan_crop,base,fan_crop,768,window5,random_forest,P002,16,16,12,1.0417678999947384,0.9166666666666666,0.875,0.9444444444444444,0.875,0.8991596638655461,12,1.0,0.75,0.8571428571428571,4,0.8888888888888888,1.0,0.9411764705882353,8,1.0,1.0,1.0,1.0,1.0,3,1.0,1.0,1.0,1,1.0,1.0,1.0,2
oblicua,base_fan_crop,base,fan_crop,768,window5,knn,P002,16,16,12,0.0014958000392653048,1.0,1.0,1.0,1.0,1.0,12,1.0,1.0,1.0,4,1.0,1.0,1.0,8,1.0,1.0,1.0,1.0,1.0,3,1.0,1.0,1.0,1,1.0,1.0,1.0,2
oblicua,base_fan_crop,base,fan_crop,768,window5,logistic_regression,P003,20,12,8,0.009954100009053946,0.625,0.625,0.7857142857142857,0.625,0.5636363636363637,8,0.5714285714285714,1.0,0.7272727272727273,4,1.0,0.25,0.4,4,0.5,0.5,0.25,0.5,0.3333333333333333,2,0.5,1.0,0.6666666666666666,1,0.0,0.0,0.0,1
oblicua,base_fan_crop,base,fan_crop,768,window5,svm_rbf,P003,20,12,8,0.002320399973541498,0.5,0.5,0.5,0.5,0.5,8,0.5,0.5,0.5,4,0.5,0.5,0.5,4,0.5,0.5,0.25,0.5,0.3333333333333333,2,0.0,0.0,0.0,1,0.5,1.0,0.6666666666666666,1
oblicua,base_fan_crop,base,fan_crop,768,window5,random_forest,P003,20,12,8,1.0214185999939218,0.625,0.625,0.7857142857142857,0.625,0.5636363636363637,8,0.5714285714285714,1.0,0.7272727272727273,4,1.0,0.25,0.4,4,0.5,0.5,0.25,0.5,0.3333333333333333,2,0.5,1.0,0.6666666666666666,1,0.0,0.0,0.0,1
oblicua,base_fan_crop,base,fan_crop,768,window5,knn,P003,20,12,8,0.0020856999908573925,0.5,0.5,0.25,0.5,0.3333333333333333,8,0.5,1.0,0.6666666666666666,4,0.0,0.0,0.0,4,0.5,0.5,0.25,0.5,0.3333333333333333,2,0.5,1.0,0.6666666666666666,1,0.0,0.0,0.0,1
hepatorrenal,base_fan_crop,base,fan_crop,768,window5,logistic_regression,P001,16,20,12,0.009606300038285553,0.5833333333333334,0.4375,0.3181818181818182,0.4375,0.3684210526315789,12,0.6363636363636364,0.875,0.7368421052631579,8,0.0,0.0,0.0,4,0.6666666666666666,0.5,0.3333333333333333,0.5,0.4,3,0.6666666666666666,1.0,0.8,2,0.0,0.0,0.0,1
hepatorrenal,base_fan_crop,base,fan_crop,768,window5,svm_rbf,P001,16,20,12,0.0024818999809212983,0.6666666666666666,0.5,0.3333333333333333,0.5,0.4,12,0.6666666666666666,1.0,0.8,8,0.0,0.0,0.0,4,0.6666666666666666,0.5,0.3333333333333333,0.5,0.4,3,0.6666666666666666,1.0,0.8,2,0.0,0.0,0.0,1
hepatorrenal,base_fan_crop,base,fan_crop,768,window5,random_forest,P001,16,20,12,0.962737699970603,0.6666666666666666,0.5,0.3333333333333333,0.5,0.4,12,0.6666666666666666,1.0,0.8,8,0.0,0.0,0.0,4,0.6666666666666666,0.5,0.3333333333333333,0.5,0.4,3,0.6666666666666666,1.0,0.8,2,0.0,0.0,0.0,1
hepatorrenal,base_fan_crop,base,fan_crop,768,window5,knn,P001,16,20,12,0.0016299000126309693,0.5,0.5,0.5,0.5,0.4857142857142857,12,0.6666666666666666,0.5,0.5714285714285714,8,0.3333333333333333,0.5,0.4,4,0.6666666666666666,0.75,0.75,0.75,0.6666666666666666,3,1.0,0.5,0.6666666666666666,2,0.5,1.0,0.6666666666666666,1
hepatorrenal,base_fan_crop,base,fan_crop,768,window5,logistic_regression,P002,20,12,8,0.013717800029553473,0.875,0.875,0.9,0.875,0.873015873015873,8,0.8,1.0,0.8888888888888888,4,1.0,0.75,0.8571428571428571,4,1.0,1.0,1.0,1.0,1.0,2,1.0,1.0,1.0,1,1.0,1.0,1.0,1
hepatorrenal,base_fan_crop,base,fan_crop,768,window5,svm_rbf,P002,20,12,8,0.0028578999917954206,0.75,0.75,0.8333333333333333,0.75,0.7333333333333334,8,0.6666666666666666,1.0,0.8,4,1.0,0.5,0.6666666666666666,4,1.0,1.0,1.0,1.0,1.0,2,1.0,1.0,1.0,1,1.0,1.0,1.0,1
hepatorrenal,base_fan_crop,base,fan_crop,768,window5,random_forest,P002,20,12,8,0.9872260999982245,0.875,0.875,0.9,0.875,0.873015873015873,8,0.8,1.0,0.8888888888888888,4,1.0,0.75,0.8571428571428571,4,1.0,1.0,1.0,1.0,1.0,2,1.0,1.0,1.0,1,1.0,1.0,1.0,1
hepatorrenal,base_fan_crop,base,fan_crop,768,window5,knn,P002,20,12,8,0.0024500999716110528,0.5,0.5,0.25,0.5,0.3333333333333333,8,0.5,1.0,0.6666666666666666,4,0.0,0.0,0.0,4,0.5,0.5,0.25,0.5,0.3333333333333333,2,0.5,1.0,0.6666666666666666,1,0.0,0.0,0.0,1
hepatorrenal,base_fan_crop,base,fan_crop,768,window5,logistic_regression,P003,20,16,8,0.009842699975706637,0.5,0.5,0.25,0.5,0.3333333333333333,8,0.0,0.0,0.0,4,0.5,1.0,0.6666666666666666,4,0.5,0.5,0.25,0.5,0.3333333333333333,2,0.0,0.0,0.0,1,0.5,1.0,0.6666666666666666,1
hepatorrenal,base_fan_crop,base,fan_crop,768,window5,svm_rbf,P003,20,16,8,0.002329000039026141,0.5,0.5,0.25,0.5,0.3333333333333333,8,0.0,0.0,0.0,4,0.5,1.0,0.6666666666666666,4,0.5,0.5,0.25,0.5,0.3333333333333333,2,0.0,0.0,0.0,1,0.5,1.0,0.6666666666666666,1
hepatorrenal,base_fan_crop,base,fan_crop,768,window5,random_forest,P003,20,16,8,1.078486599959433,0.5,0.5,0.25,0.5,0.3333333333333333,8,0.0,0.0,0.0,4,0.5,1.0,0.6666666666666666,4,0.5,0.5,0.25,0.5,0.3333333333333333,2,0.0,0.0,0.0,1,0.5,1.0,0.6666666666666666,1
hepatorrenal,base_fan_crop,base,fan_crop,768,window5,knn,P003,20,16,8,0.0020564000005833805,0.5,0.5,0.25,0.5,0.3333333333333333,8,0.0,0.0,0.0,4,0.5,1.0,0.6666666666666666,4,0.5,0.5,0.25,0.5,0.3333333333333333,2,0.0,0.0,0.0,1,0.5,1.0,0.6666666666666666,1
