experiment_name,evaluation_split,class_name,architecture,epochs,image_size,resize_mode,augmentation,sampling_strategy,pretrained,split_strategy,seed,early_stopping_patience,checkpoint_min_delta,timestamp,experiment_path,result_status,best_epoch,checkpoint_metric,checkpoint_score,valid_images,valid_dice,valid_iou,valid_precision,valid_recall,valid_f1,valid_mean_gt_area_px,valid_mean_pred_area_px,valid_positive_images,valid_empty_gt_images,valid_positive_dice,valid_positive_iou,valid_positive_precision,valid_positive_recall,valid_empty_gt_false_positive_images,valid_empty_gt_false_positive_rate,valid_empty_gt_mean_pred_area_px,valid_positive_mean_gt_area_px,valid_positive_mean_pred_area_px,valid_combined_la_score,valid_loss,test_images,test_dice,test_iou,test_precision,test_recall,test_f1,test_mean_gt_area_px,test_mean_pred_area_px,test_positive_images,test_empty_gt_images,test_positive_dice,test_positive_iou,test_positive_precision,test_positive_recall,test_empty_gt_false_positive_images,test_empty_gt_false_positive_rate,test_empty_gt_mean_pred_area_px,test_positive_mean_gt_area_px,test_positive_mean_pred_area_px,test_combined_la_score,test_loss,parameter_count,checkpoint_path
deeplabv3_higado_50ep_group_video_earlystop,validation,Higado,deeplabv3,50,512,full_resize,none,natural,False,group_video,42,10,0.0001,2026-06-28T21:52:05,<PROJECT_ROOT>\outputs\experimental_segmentation_pipeline\experiments\deeplabv3_higado_50ep_group_video_earlystop,controlled_experimental,9.0,dice,0.9222784293170022,202.0,0.9222784293170022,0.859855585759229,0.9103377812569684,0.9380360765032248,0.9222784293170022,33851.96534653466,34797.24752475248,202.0,0.0,0.9222784293170022,0.859855585759229,0.9103377812569684,0.9380360765032248,0.0,0.0,0.0,33851.96534653466,34797.24752475248,0.9222784293170022,0.1666930862656324,,,,,,,,,,,,,,,,,,,,,,,
deeplabv3_higado_50ep_group_video_earlystop,test,Higado,deeplabv3,50,512,full_resize,none,natural,False,group_video,42,10,0.0001,2026-06-28T21:52:05,<PROJECT_ROOT>\outputs\experimental_segmentation_pipeline\experiments\deeplabv3_higado_50ep_group_video_earlystop,controlled_experimental,,,,,,,,,,,,,,,,,,,,,,,,,101.0,0.9353656674375628,0.8803445620111899,0.9183175510699206,0.954795236044591,0.9353656674375628,28581.712871287127,29772.0099009901,101.0,0.0,0.9353656674375628,0.8803445620111899,0.9183175510699206,0.954795236044591,0.0,0.0,0.0,28581.712871287127,29772.0099009901,0.9353656674375628,0.1330128474400775,22437457.0,<PROJECT_ROOT>\outputs\experimental_segmentation_pipeline\experiments\deeplabv3_higado_50ep_group_video_earlystop\best_model.pth
deeplabv3_higado_pretrained_imagenet_50ep,validation,Higado,deeplabv3,50,512,full_resize,none,natural,True,group_video,42,10,0.0001,2026-06-29T01:45:32,<PROJECT_ROOT>\outputs\experimental_segmentation_pipeline\experiments\deeplabv3_higado_pretrained_imagenet_50ep,controlled_experimental,4.0,dice,0.9327811775821272,202.0,0.9327811775821272,0.8767711803464606,0.9242188511508528,0.9456131596966544,0.9327811775821272,33851.96534653466,34515.232673267325,202.0,0.0,0.9327811775821272,0.8767711803464606,0.9242188511508528,0.9456131596966544,0.0,0.0,0.0,33851.96534653466,34515.232673267325,0.9327811775821272,0.1446017404962884,,,,,,,,,,,,,,,,,,,,,,,
deeplabv3_higado_pretrained_imagenet_50ep,test,Higado,deeplabv3,50,512,full_resize,none,natural,True,group_video,42,10,0.0001,2026-06-29T01:45:32,<PROJECT_ROOT>\outputs\experimental_segmentation_pipeline\experiments\deeplabv3_higado_pretrained_imagenet_50ep,controlled_experimental,,,,,,,,,,,,,,,,,,,,,,,,,101.0,0.941616927633191,0.8901949790444704,0.9401988758899198,0.943857753630912,0.941616927633191,28581.712871287127,28698.86138613861,101.0,0.0,0.941616927633191,0.8901949790444704,0.9401988758899198,0.943857753630912,0.0,0.0,0.0,28581.712871287127,28698.86138613861,0.941616927633191,0.1225447406863222,22437457.0,<PROJECT_ROOT>\outputs\experimental_segmentation_pipeline\experiments\deeplabv3_higado_pretrained_imagenet_50ep\best_model.pth
deeplabv3_la_50ep_group_video_balanced,validation,LA,deeplabv3,50,512,full_resize,none,balanced_la,False,group_video,42,15,0.0001,2026-06-28T22:06:55,<PROJECT_ROOT>\outputs\experimental_segmentation_pipeline\experiments\deeplabv3_la_50ep_group_video_balanced,controlled_experimental,3.0,combined_la_score,-0.0371816950019008,202.0,0.488005625154971,0.4752686748271167,0.4857089624407493,0.9625157334721914,0.488005625154971,89.82178217821782,194.69306930693068,16.0,186.0,0.4735709931701422,0.312766995280981,0.4445756264030933,0.5267611350864172,95.0,0.510752688172043,98.4516129032258,1134.0,1313.5,-0.0371816950019008,0.9675955335692604,,,,,,,,,,,,,,,,,,,,,,,
deeplabv3_la_50ep_group_video_balanced,test,LA,deeplabv3,50,512,full_resize,none,balanced_la,False,group_video,42,15,0.0001,2026-06-28T22:06:55,<PROJECT_ROOT>\outputs\experimental_segmentation_pipeline\experiments\deeplabv3_la_50ep_group_video_balanced,controlled_experimental,,,,,,,,,,,,,,,,,,,,,,,,,101.0,0.6032467559388363,0.5426294108394343,0.5902183201735443,0.9170161695233016,0.6032467559388363,410.7920792079208,473.940594059406,55.0,46.0,0.7986894911066252,0.687374002833178,0.7747645454285434,0.8476115113064264,29.0,0.6304347826086957,48.43478260869565,754.3636363636364,829.8181818181819,0.1682547084979295,0.5718773575407443,22437457.0,<PROJECT_ROOT>\outputs\experimental_segmentation_pipeline\experiments\deeplabv3_la_50ep_group_video_balanced\best_model.pth
deeplabv3_roi_50ep_group_video_earlystop,validation,ROI,deeplabv3,50,512,full_resize,none,natural,False,group_video,42,10,0.0001,2026-06-28T21:39:53,<PROJECT_ROOT>\outputs\experimental_segmentation_pipeline\experiments\deeplabv3_roi_50ep_group_video_earlystop,controlled_experimental,3.0,dice,0.994849184362015,202.0,0.994849184362015,0.9897990772629728,0.996441671163729,0.9932725650839286,0.994849184362015,79726.0,79471.71287128713,202.0,0.0,0.994849184362015,0.9897990772629728,0.996441671163729,0.9932725650839286,0.0,0.0,0.0,79726.0,79471.71287128713,0.994849184362015,0.0156987103366173,,,,,,,,,,,,,,,,,,,,,,,
deeplabv3_roi_50ep_group_video_earlystop,test,ROI,deeplabv3,50,512,full_resize,none,natural,False,group_video,42,10,0.0001,2026-06-28T21:39:53,<PROJECT_ROOT>\outputs\experimental_segmentation_pipeline\experiments\deeplabv3_roi_50ep_group_video_earlystop,controlled_experimental,,,,,,,,,,,,,,,,,,,,,,,,,101.0,0.9927392596065407,0.9855833732255614,0.9995407190653356,0.9860299288636388,0.9927392596065407,80788.0,79695.9900990099,101.0,0.0,0.9927392596065407,0.9855833732255614,0.9995407190653356,0.9860299288636388,0.0,0.0,0.0,80788.0,79695.9900990099,0.9927392596065407,0.0378615484379305,22437457.0,<PROJECT_ROOT>\outputs\experimental_segmentation_pipeline\experiments\deeplabv3_roi_50ep_group_video_earlystop\best_model.pth
deeplabv3_roi_pretrained_imagenet_50ep,validation,ROI,deeplabv3,50,512,full_resize,none,natural,True,group_video,42,10,0.0001,2026-06-29T01:22:21,<PROJECT_ROOT>\outputs\experimental_segmentation_pipeline\experiments\deeplabv3_roi_pretrained_imagenet_50ep,controlled_experimental,8.0,dice,0.9947925670312184,202.0,0.9947925670312184,0.9896989703768552,0.995471185386771,0.9941428123724344,0.9947925670312184,79726.0,79620.18316831683,202.0,0.0,0.9947925670312184,0.9896989703768552,0.995471185386771,0.9941428123724344,0.0,0.0,0.0,79726.0,79620.18316831683,0.9947925670312184,0.0202593254985859,,,,,,,,,,,,,,,,,,,,,,,
deeplabv3_roi_pretrained_imagenet_50ep,test,ROI,deeplabv3,50,512,full_resize,none,natural,True,group_video,42,10,0.0001,2026-06-29T01:22:21,<PROJECT_ROOT>\outputs\experimental_segmentation_pipeline\experiments\deeplabv3_roi_pretrained_imagenet_50ep,controlled_experimental,,,,,,,,,,,,,,,,,,,,,,,,,101.0,0.9929242529491388,0.9859479606741726,0.999406667038946,0.9865254222756564,0.9929242529491388,80788.0,79746.73267326732,101.0,0.0,0.9929242529491388,0.9859479606741726,0.999406667038946,0.9865254222756564,0.0,0.0,0.0,80788.0,79746.73267326732,0.9929242529491388,0.0558596332695814,22437457.0,<PROJECT_ROOT>\outputs\experimental_segmentation_pipeline\experiments\deeplabv3_roi_pretrained_imagenet_50ep\best_model.pth
segformer_higado_50ep_group_video_earlystop,validation,Higado,segformer,50,512,full_resize,none,natural,False,group_video,42,10,0.0001,2026-06-28T22:34:41,<PROJECT_ROOT>\outputs\experimental_segmentation_pipeline\experiments\segformer_higado_50ep_group_video_earlystop,controlled_experimental,4.0,dice,0.8774602374818066,202.0,0.8774602374818066,0.7907670202231644,0.8571663873620553,0.9084902066405456,0.8774602374818066,33851.96534653466,35953.29702970297,202.0,0.0,0.8774602374818066,0.7907670202231644,0.8571663873620553,0.9084902066405456,0.0,0.0,0.0,33851.96534653466,35953.29702970297,0.8774602374818066,0.2699320112714673,,,,,,,,,,,,,,,,,,,,,,,
segformer_higado_50ep_group_video_earlystop,test,Higado,segformer,50,512,full_resize,none,natural,False,group_video,42,10,0.0001,2026-06-28T22:34:41,<PROJECT_ROOT>\outputs\experimental_segmentation_pipeline\experiments\segformer_higado_50ep_group_video_earlystop,controlled_experimental,,,,,,,,,,,,,,,,,,,,,,,,,101.0,0.9063870912731284,0.8324716704906804,0.8642915664332929,0.9568466998562954,0.9063870912731284,28581.712871287127,31826.831683168315,101.0,0.0,0.9063870912731284,0.8324716704906804,0.8642915664332929,0.9568466998562954,0.0,0.0,0.0,28581.712871287127,31826.831683168315,0.9063870912731284,0.1711579176163909,3714401.0,<PROJECT_ROOT>\outputs\experimental_segmentation_pipeline\experiments\segformer_higado_50ep_group_video_earlystop\best_model.pth
segformer_la_50ep_group_video_balanced,validation,LA,segformer,50,512,full_resize,none,balanced_la,False,group_video,42,15,0.0001,2026-06-28T22:45:50,<PROJECT_ROOT>\outputs\experimental_segmentation_pipeline\experiments\segformer_la_50ep_group_video_balanced,controlled_experimental,12.0,combined_la_score,0.152587088145973,202.0,0.8785824331726778,0.8745197309803339,0.940089898663198,0.9341875376656888,0.8785824331726778,89.82178217821782,37.18316831683168,16.0,186.0,0.217103217178231,0.1658116019998881,0.993634968996048,0.1691176630293223,12.0,0.064516129032258,25.672043010752688,1134.0,171.0,0.152587088145973,0.988866135035411,,,,,,,,,,,,,,,,,,,,,,,
segformer_la_50ep_group_video_balanced,test,LA,segformer,50,512,full_resize,none,balanced_la,False,group_video,42,15,0.0001,2026-06-28T22:45:50,<PROJECT_ROOT>\outputs\experimental_segmentation_pipeline\experiments\segformer_la_50ep_group_video_balanced,controlled_experimental,,,,,,,,,,,,,,,,,,,,,,,,,101.0,0.7276336038012555,0.6583009765720843,0.8982369358915115,0.7334803960361143,0.7276336038012555,410.7920792079208,241.26732673267327,55.0,46.0,0.6089271629587156,0.4816072475015104,0.9222169182517312,0.5105730909026823,6.0,0.1304347826086956,4.695652173913044,754.3636363636364,439.1272727272727,0.4784923803500199,0.6775457838384231,3714401.0,<PROJECT_ROOT>\outputs\experimental_segmentation_pipeline\experiments\segformer_la_50ep_group_video_balanced\best_model.pth
segformer_roi_50ep_group_video_earlystop,validation,ROI,segformer,50,512,full_resize,none,natural,False,group_video,42,10,0.0001,2026-06-28T22:20:31,<PROJECT_ROOT>\outputs\experimental_segmentation_pipeline\experiments\segformer_roi_50ep_group_video_earlystop,controlled_experimental,10.0,dice,0.9702300137222404,202.0,0.9702300137222404,0.9442175511676486,0.9882831653155902,0.954774806995203,0.9702300137222404,79726.0,77018.89108910892,202.0,0.0,0.9702300137222404,0.9442175511676486,0.9882831653155902,0.954774806995203,0.0,0.0,0.0,79726.0,77018.89108910892,0.9702300137222404,0.0854928743204858,,,,,,,,,,,,,,,,,,,,,,,
segformer_roi_50ep_group_video_earlystop,test,ROI,segformer,50,512,full_resize,none,natural,False,group_video,42,10,0.0001,2026-06-28T22:20:31,<PROJECT_ROOT>\outputs\experimental_segmentation_pipeline\experiments\segformer_roi_50ep_group_video_earlystop,controlled_experimental,,,,,,,,,,,,,,,,,,,,,,,,,101.0,0.9879626814681703,0.9763036801083254,0.9928747917165852,0.9831810150996292,0.9879626814681703,80788.0,80000.43564356436,101.0,0.0,0.9879626814681703,0.9763036801083254,0.9928747917165852,0.9831810150996292,0.0,0.0,0.0,80788.0,80000.43564356436,0.9879626814681703,0.0348062958605218,3714401.0,<PROJECT_ROOT>\outputs\experimental_segmentation_pipeline\experiments\segformer_roi_50ep_group_video_earlystop\best_model.pth
segformer_roi_pretrained_mitb0_50ep,validation,ROI,segformer,50,512,full_resize,none,natural,True,group_video,42,10,0.0001,2026-06-29T01:57:01,<PROJECT_ROOT>\outputs\experimental_segmentation_pipeline\experiments\segformer_roi_pretrained_mitb0_50ep,controlled_experimental,23.0,dice,0.9863641318118218,202.0,0.9863641318118218,0.9735876009015754,0.9899003310958938,0.9830138526930668,0.9863641318118218,79726.0,79162.96534653465,202.0,0.0,0.9863641318118218,0.9735876009015754,0.9899003310958938,0.9830138526930668,0.0,0.0,0.0,79726.0,79162.96534653465,0.9863641318118218,0.0465259939330713,,,,,,,,,,,,,,,,,,,,,,,
segformer_roi_pretrained_mitb0_50ep,test,ROI,segformer,50,512,full_resize,none,natural,True,group_video,42,10,0.0001,2026-06-29T01:57:01,<PROJECT_ROOT>\outputs\experimental_segmentation_pipeline\experiments\segformer_roi_pretrained_mitb0_50ep,controlled_experimental,,,,,,,,,,,,,,,,,,,,,,,,,101.0,0.9926013728179554,0.9853240558416536,0.9955010827225034,0.989750584753433,0.9926013728179554,80788.0,80324.17821782178,101.0,0.0,0.9926013728179554,0.9853240558416536,0.9955010827225034,0.989750584753433,0.0,0.0,0.0,80788.0,80324.17821782178,0.9926013728179554,0.0227400075164761,3714401.0,<PROJECT_ROOT>\outputs\experimental_segmentation_pipeline\experiments\segformer_roi_pretrained_mitb0_50ep\best_model.pth
smoke_unet_roi_2ep,validation,ROI,unet,2,128,full_resize,none,natural,False,coco,42,0,0.0,2026-06-27T00:49:47,<PROJECT_ROOT>\outputs\experimental_segmentation_pipeline\experiments\smoke_unet_roi_2ep,preliminary_smoke,2.0,dice,0.9993358778429556,182.0,0.9993358778429556,0.9986744961895786,0.9997218264328256,0.9989514514640138,0.9993358778429556,5000.82967032967,4996.978021978022,182.0,0.0,0.9993358778429556,0.9986744961895786,0.9997218264328256,0.9989514514640138,0.0,0.0,0.0,5000.82967032967,4996.978021978022,0.9993358778429556,0.0032925856002903,,,,,,,,,,,,,,,,,,,,,,,
smoke_unet_roi_2ep,test,ROI,unet,2,128,full_resize,none,natural,False,coco,42,0,0.0,2026-06-27T00:49:47,<PROJECT_ROOT>\outputs\experimental_segmentation_pipeline\experiments\smoke_unet_roi_2ep,preliminary_smoke,,,,,,,,,,,,,,,,,,,,,,,,,91.0,0.9993642935386072,0.998731248326354,0.9997523348410052,0.9989780141757084,0.9993642935386072,5002.406593406594,4998.538461538462,91.0,0.0,0.9993642935386072,0.998731248326354,0.9997523348410052,0.9989780141757084,0.0,0.0,0.0,5002.406593406594,4998.538461538462,0.9993642935386072,0.003298243251885,24436369.0,<PROJECT_ROOT>\outputs\experimental_segmentation_pipeline\experiments\smoke_unet_roi_2ep\best_model.pth
unet_higado_50ep_group_video_earlystop,validation,Higado,unet,50,512,full_resize,none,natural,False,group_video,42,10,0.0001,2026-06-27T11:28:11,<PROJECT_ROOT>\outputs\experimental_segmentation_pipeline\experiments\unet_higado_50ep_group_video_earlystop,controlled_experimental,10.0,dice,0.8988474436325602,202.0,0.8988474436325602,0.8239684016397684,0.9106496056117632,0.8992278180500068,0.8988474436325602,33851.96534653466,33461.89603960396,202.0,0.0,0.8988474436325602,0.8239684016397684,0.9106496056117632,0.8992278180500068,0.0,0.0,0.0,33851.96534653466,33461.89603960396,0.8988474436325602,0.2335459368653816,,,,,,,,,,,,,,,,,,,,,,,
unet_higado_50ep_group_video_earlystop,test,Higado,unet,50,512,full_resize,none,natural,False,group_video,42,10,0.0001,2026-06-27T11:28:11,<PROJECT_ROOT>\outputs\experimental_segmentation_pipeline\experiments\unet_higado_50ep_group_video_earlystop,controlled_experimental,,,,,,,,,,,,,,,,,,,,,,,,,101.0,0.9292906853232054,0.8701684781820467,0.9031426469878396,0.96050365313445,0.9292906853232054,28581.712871287127,30529.43564356436,101.0,0.0,0.9292906853232054,0.8701684781820467,0.9031426469878396,0.96050365313445,0.0,0.0,0.0,28581.712871287127,30529.43564356436,0.9292906853232054,0.1361369687584367,24436369.0,<PROJECT_ROOT>\outputs\experimental_segmentation_pipeline\experiments\unet_higado_50ep_group_video_earlystop\best_model.pth
unet_la_50ep_group_video_balanced,validation,LA,unet,50,512,full_resize,none,balanced_la,False,group_video,42,15,0.0001,2026-06-27T19:08:47,<PROJECT_ROOT>\outputs\experimental_segmentation_pipeline\experiments\unet_la_50ep_group_video_balanced,controlled_experimental,26.0,combined_la_score,0.3153852520470497,202.0,0.7738365411655898,0.7624492056417743,0.7846871919311079,0.9565303058243624,0.7738365411655898,89.82178217821782,87.05445544554455,16.0,186.0,0.519686327315867,0.375921216327697,0.6566757932305336,0.4511951110325753,38.0,0.2043010752688172,33.3494623655914,1134.0,711.375,0.3153852520470497,0.9628965872349126,,,,,,,,,,,,,,,,,,,,,,,
unet_la_50ep_group_video_balanced,test,LA,unet,50,512,full_resize,none,balanced_la,False,group_video,42,15,0.0001,2026-06-27T19:08:47,<PROJECT_ROOT>\outputs\experimental_segmentation_pipeline\experiments\unet_la_50ep_group_video_balanced,controlled_experimental,,,,,,,,,,,,,,,,,,,,,,,,,101.0,0.8332215647154214,0.7852512210760665,0.8374379473185417,0.9220831553594252,0.8332215647154214,410.7920792079208,430.8910891089109,55.0,46.0,0.8391886895462279,0.7510976948630489,0.8469315012355942,0.8569163398418532,8.0,0.1739130434782608,30.130434782608692,754.3636363636364,766.0727272727273,0.6652756460679671,0.5473648382000403,24436369.0,<PROJECT_ROOT>\outputs\experimental_segmentation_pipeline\experiments\unet_la_50ep_group_video_balanced\best_model.pth
unet_la_50ep_group_video_earlystop,validation,LA,unet,50,512,full_resize,none,natural,False,group_video,42,15,0.0001,2026-06-27T12:50:17,<PROJECT_ROOT>\outputs\experimental_segmentation_pipeline\experiments\unet_la_50ep_group_video_earlystop,controlled_experimental,13.0,combined_la_score,0.2358058869678487,202.0,0.6725156594508108,0.6598373401760218,0.7032881946734025,0.9528825002731665,0.6725156594508108,89.82178217821782,69.18316831683168,16.0,186.0,0.5530101880431175,0.3929464071989059,0.9415134452283382,0.4051415659487247,59.0,0.3172043010752688,34.354838709677416,1134.0,474.0625,0.2358058869678487,0.9592119750410024,,,,,,,,,,,,,,,,,,,,,,,
unet_la_50ep_group_video_earlystop,test,LA,unet,50,512,full_resize,none,natural,False,group_video,42,15,0.0001,2026-06-27T12:50:17,<PROJECT_ROOT>\outputs\experimental_segmentation_pipeline\experiments\unet_la_50ep_group_video_earlystop,controlled_experimental,,,,,,,,,,,,,,,,,,,,,,,,,101.0,0.7694749902106421,0.6958940287943788,0.8859252366650547,0.7755610765856622,0.7694749902106421,410.7920792079208,296.6237623762376,55.0,46.0,0.631217708652767,0.4960963067792651,0.8450627066872337,0.5878485224573068,3.0,0.0652173913043478,2.260869565217391,754.3636363636364,542.8181818181819,0.5660003173484193,0.6652041939225527,24436369.0,<PROJECT_ROOT>\outputs\experimental_segmentation_pipeline\experiments\unet_la_50ep_group_video_earlystop\best_model.pth
unet_la_augx4_10ep_group_video_balanced,validation,LA,unet,10,512,full_resize,x4,balanced_la,False,group_video,42,10,0.0001,2026-06-28T23:59:09,<PROJECT_ROOT>\outputs\experimental_segmentation_pipeline\experiments\unet_la_augx4_10ep_group_video_balanced,controlled_experimental,1.0,combined_la_score,-0.0918949500917987,202.0,0.6375098669961009,0.6295347150861983,0.6391284302028751,0.9388313561604164,0.6375098669961009,89.82178217821782,122.63861386138612,16.0,186.0,0.236062039155513,0.1353757462929934,0.256496399641037,0.2277458715252578,61.0,0.3279569892473118,50.37096774193548,1134.0,962.75,-0.0918949500917987,0.9858960214227732,,,,,,,,,,,,,,,,,,,,,,,
unet_la_augx4_10ep_group_video_balanced,test,LA,unet,10,512,full_resize,x4,balanced_la,False,group_video,42,10,0.0001,2026-06-28T23:59:09,<PROJECT_ROOT>\outputs\experimental_segmentation_pipeline\experiments\unet_la_augx4_10ep_group_video_balanced,controlled_experimental,,,,,,,,,,,,,,,,,,,,,,,,,101.0,0.8244588883748006,0.7616667692565539,0.8142567440942382,0.9034397867706092,0.8244588883748006,410.7920792079208,444.6930693069307,55.0,46.0,0.78673359481846,0.6714244306194979,0.7679987480486998,0.8226803357060278,6.0,0.1304347826086956,21.47826086956522,754.3636363636364,798.6545454545454,0.6562988122097643,0.5775852594340202,24436369.0,<PROJECT_ROOT>\outputs\experimental_segmentation_pipeline\experiments\unet_la_augx4_10ep_group_video_balanced\best_model.pth
unet_la_padding_512_50ep_group_video_balanced,validation,LA,unet,50,512,original_or_padding,none,balanced_la,False,group_video,42,15,0.0001,2026-06-29T00:43:48,<PROJECT_ROOT>\outputs\experimental_segmentation_pipeline\experiments\unet_la_padding_512_50ep_group_video_balanced,controlled_experimental,1.0,combined_la_score,1.2004524674660844e-10,202.0,0.9207920792174292,0.9207920792174292,1.0,0.9207920792174292,0.9207920792174292,67.2871287128713,0.0,16.0,186.0,1.2004524674660844e-10,1.2004524674660844e-10,1.0,1.2004524674660844e-10,0.0,0.0,0.0,849.5,0.0,1.2004524674660844e-10,1.002492655621897,,,,,,,,,,,,,,,,,,,,,,,
unet_la_padding_512_50ep_group_video_balanced,test,LA,unet,50,512,original_or_padding,none,balanced_la,False,group_video,42,15,0.0001,2026-06-29T00:43:48,<PROJECT_ROOT>\outputs\experimental_segmentation_pipeline\experiments\unet_la_padding_512_50ep_group_video_balanced,controlled_experimental,,,,,,,,,,,,,,,,,,,,,,,,,101.0,0.4554455446548518,0.4554455446548518,1.0,0.4554455446548518,0.4554455446548518,308.2772277227723,0.0,55.0,46.0,1.8436424634424042e-10,1.8436424634424042e-10,1.0,1.8436424634424042e-10,0.0,0.0,0.0,566.1090909090909,0.0,1.8436424634424042e-10,1.0091386549543626,24436369.0,<PROJECT_ROOT>\outputs\experimental_segmentation_pipeline\experiments\unet_la_padding_512_50ep_group_video_balanced\best_model.pth
unet_la_positive_x4_50ep_group_video_natural,validation,LA,unet,50,512,full_resize,positive_x4,natural,False,group_video,42,15,0.0001,2026-06-29T22:02:54,<PROJECT_ROOT>\outputs\experimental_segmentation_pipeline\experiments\unet_la_positive_x4_50ep_group_video_natural,controlled_experimental,11.0,combined_la_score,-0.1016867422568862,202.0,0.4014526860030806,0.3887112842852761,0.4050477349889395,0.9588044844198936,0.4014526860030806,89.82178217821782,155.28217821782178,16.0,186.0,0.5058401394635439,0.3449799427762627,0.5512276329100132,0.4799066158011555,113.0,0.6075268817204301,87.36559139784946,1134.0,944.8125,-0.1016867422568862,0.9645360584306244,,,,,,,,,,,,,,,,,,,,,,,
unet_la_positive_x4_50ep_group_video_natural,test,LA,unet,50,512,full_resize,positive_x4,natural,False,group_video,42,15,0.0001,2026-06-29T22:02:54,<PROJECT_ROOT>\outputs\experimental_segmentation_pipeline\experiments\unet_la_positive_x4_50ep_group_video_natural,controlled_experimental,,,,,,,,,,,,,,,,,,,,,,,,,101.0,0.4354874254980335,0.3619680394604395,0.5373931360137381,0.7733043644019393,0.4354874254980335,410.7920792079208,349.6732673267327,55.0,46.0,0.6360769067298282,0.5010685796426101,0.8232128478586673,0.5837043782653795,37.0,0.8043478260869565,98.7391304347826,754.3636363636364,559.5454545454545,-0.1682709193571283,0.6637450688988855,24436369.0,<PROJECT_ROOT>\outputs\experimental_segmentation_pipeline\experiments\unet_la_positive_x4_50ep_group_video_natural\best_model.pth
unet_la_pretrained_imagenet_50ep_balanced,validation,LA,unet,50,512,full_resize,none,balanced_la,True,group_video,42,15,0.0001,2026-06-29T00:58:06,<PROJECT_ROOT>\outputs\experimental_segmentation_pipeline\experiments\unet_la_pretrained_imagenet_50ep_balanced,controlled_experimental,18.0,combined_la_score,0.3226448652780144,202.0,0.86037983479393,0.8521542220366266,0.8731543522216542,0.9497579723633456,0.86037983479393,89.82178217821782,83.78217821782178,16.0,186.0,0.424795402912423,0.3209470418514684,0.5860736854374409,0.3656944010872394,19.0,0.1021505376344086,44.655913978494624,1134.0,538.625,0.3226448652780144,0.970961041969828,,,,,,,,,,,,,,,,,,,,,,,
unet_la_pretrained_imagenet_50ep_balanced,test,LA,unet,50,512,full_resize,none,balanced_la,True,group_video,42,15,0.0001,2026-06-29T00:58:06,<PROJECT_ROOT>\outputs\experimental_segmentation_pipeline\experiments\unet_la_pretrained_imagenet_50ep_balanced,controlled_experimental,,,,,,,,,,,,,,,,,,,,,,,,,101.0,0.8424789182764321,0.7931464099201678,0.8654540198948626,0.9068608225041628,0.8424789182764321,410.7920792079208,411.6039603960396,55.0,46.0,0.8198249220957429,0.7292324976596938,0.8620155632495881,0.828962601325826,6.0,0.1304347826086956,7.543478260869565,754.3636363636364,749.5454545454545,0.6893901394870472,0.558819081007254,24436369.0,<PROJECT_ROOT>\outputs\experimental_segmentation_pipeline\experiments\unet_la_pretrained_imagenet_50ep_balanced\best_model.pth
unet_la_roi_crop_128_50ep_group_video_balanced,validation,LA,unet,50,128,roi_crop_resize,none,balanced_la,False,group_video,42,15,0.0001,2026-06-29T00:33:26,<PROJECT_ROOT>\outputs\experimental_segmentation_pipeline\experiments\unet_la_roi_crop_128_50ep_group_video_balanced,controlled_experimental,6.0,combined_la_score,-0.0783332336133205,202.0,0.3761545945942651,0.364044024609659,0.3813894773461689,0.9614891141357989,0.3761545945942651,10.301980198019802,44.01980198019802,16.0,186.0,0.5614517126232386,0.4085557665675878,0.6275421073660254,0.5138000659644604,119.0,0.6397849462365591,38.854838709677416,130.0625,104.0625,-0.0783332336133205,0.970275318268502,,,,,,,,,,,,,,,,,,,,,,,
unet_la_roi_crop_128_50ep_group_video_balanced,test,LA,unet,50,128,roi_crop_resize,none,balanced_la,False,group_video,42,15,0.0001,2026-06-29T00:33:26,<PROJECT_ROOT>\outputs\experimental_segmentation_pipeline\experiments\unet_la_roi_crop_128_50ep_group_video_balanced,controlled_experimental,,,,,,,,,,,,,,,,,,,,,,,,,101.0,0.4708771263508566,0.4117224630052553,0.4225847474375299,0.9617695761714722,0.4708771263508566,47.24752475247525,78.14851485148515,55.0,46.0,0.8101561741950699,0.7015267015058747,0.7214738056451425,0.9297950398785216,43.0,0.9347826086956522,37.869565217391305,86.76363636363637,111.83636363636364,-0.1246264345005823,0.5727590419868431,24436369.0,<PROJECT_ROOT>\outputs\experimental_segmentation_pipeline\experiments\unet_la_roi_crop_128_50ep_group_video_balanced\best_model.pth
unet_roi_50ep_group_video,validation,ROI,unet,50,512,full_resize,none,natural,False,group_video,42,0,0.0,2026-06-27T09:05:45,<PROJECT_ROOT>\outputs\experimental_segmentation_pipeline\experiments\unet_roi_50ep_group_video,legacy_without_early_stopping,48.0,dice,0.9884066838439148,202.0,0.9884066838439148,0.9776157515473886,0.998755280039098,0.9787849485874176,0.9884066838439148,79726.0,78130.87128712871,202.0,0.0,0.9884066838439148,0.9776157515473886,0.998755280039098,0.9787849485874176,0.0,0.0,0.0,79726.0,78130.87128712871,0.9884066838439148,0.1354812627778121,,,,,,,,,,,,,,,,,,,,,,,
unet_roi_50ep_group_video,test,ROI,unet,50,512,full_resize,none,natural,False,group_video,42,0,0.0,2026-06-27T09:05:45,<PROJECT_ROOT>\outputs\experimental_segmentation_pipeline\experiments\unet_roi_50ep_group_video,legacy_without_early_stopping,,,,,,,,,,,,,,,,,,,,,,,,,101.0,0.9931474056574378,0.9863883386744132,0.9994653404349148,0.9869091434053856,0.9931474056574378,80788.0,79773.06930693069,101.0,0.0,0.9931474056574378,0.9863883386744132,0.9994653404349148,0.9869091434053856,0.0,0.0,0.0,80788.0,79773.06930693069,0.9931474056574378,0.0776090807843916,24436369.0,<PROJECT_ROOT>\outputs\experimental_segmentation_pipeline\experiments\unet_roi_50ep_group_video\best_model.pth
unet_roi_50ep_group_video_earlystop,validation,ROI,unet,50,512,full_resize,none,natural,False,group_video,42,10,0.0001,2026-06-27T09:50:35,<PROJECT_ROOT>\outputs\experimental_segmentation_pipeline\experiments\unet_roi_50ep_group_video_earlystop,controlled_experimental,2.0,dice,0.9882479764447354,202.0,0.9882479764447354,0.9771332200801018,0.9965706709587928,0.9803487221793372,0.9882479764447354,79726.0,78425.22772277228,202.0,0.0,0.9882479764447354,0.9771332200801018,0.9965706709587928,0.9803487221793372,0.0,0.0,0.0,79726.0,78425.22772277228,0.9882479764447354,0.0554990977611355,,,,,,,,,,,,,,,,,,,,,,,
unet_roi_50ep_group_video_earlystop,test,ROI,unet,50,512,full_resize,none,natural,False,group_video,42,10,0.0001,2026-06-27T09:50:35,<PROJECT_ROOT>\outputs\experimental_segmentation_pipeline\experiments\unet_roi_50ep_group_video_earlystop,controlled_experimental,,,,,,,,,,,,,,,,,,,,,,,,,101.0,0.992065943113648,0.9842585437368638,0.9994449007629168,0.9847971507818392,0.992065943113648,80788.0,79604.0,101.0,0.0,0.992065943113648,0.9842585437368638,0.9994449007629168,0.9847971507818392,0.0,0.0,0.0,80788.0,79604.0,0.992065943113648,0.0302772508694393,24436369.0,<PROJECT_ROOT>\outputs\experimental_segmentation_pipeline\experiments\unet_roi_50ep_group_video_earlystop\best_model.pth
