category,parameter,value,classification,origin_and_rationale,verification,limitation,source
Segmentation,"Sigmoid binarization",0.50,"fixed engineering decision","Neutral midpoint of the sigmoid output; kept identical across architectures and targets so the controlled comparison did not tune a different cutoff for each model.","The same cutoff is recorded in training and final inference code.","No class-specific threshold sweep or external calibration was performed.","Codigos_Pipeline_Experimental_Segmentacion/src/metrics.py; Codigos_Pipeline_Experimental_Segmentacion/src/longitudinal_inference.py"
Segmentation,"Training constants","image 512; batch 2; LR 0.001; weight decay 0.0001; maximum 50 epochs; early stopping 10 or 15","fixed controlled-experiment design","A common optimization budget was used to isolate architecture and transfer-initialization effects. LA used patience 15 rather than 10 because its validation criterion combines positive-mask overlap and empty-mask false positives.","Nine final pretrained runs were reconciled against configurations, logs and the same 101 test identifiers.","These values establish comparability, not global optimality.","results/tables/segmentation_training_record_audit.csv"
Longitudinal post-processing,"Largest-component cleanup floors","ROI max(16,500s); liver max(16,200s); LA max(4,8s), s=HW/786432","fixed engineering safeguards","Remove isolated pixel islands before anatomical measurements while retaining very small candidate LA regions. Scaling preserves the same fractional meaning at other frame sizes.","Applied identically in external inference; the code contains no hole filling.","No grid search quantified the individual influence of these cleanup floors.","Codigos_Pipeline_Experimental_Segmentacion/src/longitudinal_inference.py:postprocess_masks"
Longitudinal presence,"ROI, black-frame, liver and LA gates","ROI/frame >=0.05; >0.80 pixels below intensity 15 rejected; liver >=200s; liver/ROI >=0.15; LA >=50s","fixed engineering safeguards","Prevent a trivial component, mostly black frame, very small liver prediction or tiny LA artifact from entering the feature rule. The 786432 reference area is exactly 1024x768.","P005 leave-one-gate-out records show ROI/liver gates were not the external bottleneck; LA presence and area were limiting.","The gates were not optimized on an independent cohort and must be recalibrated for other equipment or image geometry.","configs/longitudinal_decision_config.json; results/tables/longitudinal_leave_one_gate_out.csv"
Longitudinal features,"LA area cutoff",874 px at 1024x768,"development-distribution threshold","Integer result of max(20,P5) over 54 clear train/validation cases with LA and valid texture region. A lower-tail cutoff retains approximately 95 percent of the reference areas while excluding unusually small candidates; the floor 20 was inactive because P5 was 874.7.","threshold_summary.csv reproduces 874; P005 ablation shows seven medium acceptances only when this gate is removed.","Reference cases are dominated by P001 and no external threshold optimization was performed.","Codigos_Segmentacion_Longitudinal/05_definir_umbral_aceptabilidad.py; results/tables/threshold_summary.csv"
Longitudinal features,"LA intensity standard-deviation cutoff",43.330219,"development-distribution threshold","P90 of the same 54 clear train/validation cases. An upper-tail cutoff lets approximately 90 percent of the clear reference distribution pass while rejecting unusually dispersed lumen intensities.","Stored source-resolution measurements reproduce the percentile.","Dataset-specific image-quality proxy; no causal physiological interpretation or independent calibration.","Codigos_Segmentacion_Longitudinal/05_definir_umbral_aceptabilidad.py; results/tables/glcm_longitudinal_metrics_with_thresholds.csv"
Longitudinal features,"GLCM entropy cutoff",6.125722,"development-distribution threshold","P90 of the same 54 clear train/validation cases. The upper-tail cutoff retains approximately 90 percent of the reference entropy distribution and rejects unusually diverse gray-level-pair patterns.","Stored GLCM measurements reproduce the percentile.","Performance contribution could not be isolated in P005 because no anchor case passed the upstream LA gates.","Codigos_Segmentacion_Longitudinal/05_definir_umbral_aceptabilidad.py; results/tables/longitudinal_leave_one_gate_out.csv"
GLCM,"Quantization and directions","32 gray levels; distance 1; offsets 0, 45, 90 and 135 degrees; symmetric matrices; mean over valid offsets","fixed representation design","Thirty-two levels reduce the matrix from 65536 to 1024 cells relative to 256 levels, improving count stability in a small mask. Four unit-distance directions reduce dependence on one image orientation while preserving local texture.","The code records contrast, entropy, homogeneity, energy and valid-pair count; only entropy enters the decision.","No levels or offset ablation was performed.","Codigos_Pipeline_Experimental_Segmentacion/src/longitudinal_quality_rules.py:compute_glcm_features"
GLCM region,"LA dilation",15x15 square; one iteration,"fixed spatial-neighborhood decision","An odd centered kernel expands LA by seven pixels per side to include immediate perivascular context and provide enough within-mask pixel pairs for GLCM; intersection with ROI prevents inclusion outside the ultrasound field.","The reproducible region figure and valid-pair counts verify the implemented geometry.","No kernel-size sweep or physical pixel-spacing calibration was available.","Codigos_Pipeline_Experimental_Segmentacion/src/longitudinal_quality_rules.py:compute_valid_lumen_region"
Border region,"LA border ring",9x9 square; one iteration,"fixed spatial-neighborhood decision","An odd centered kernel expands LA by four pixels per side; subtracting LA isolates a narrower local ring than the texture neighborhood so border contrast is measured immediately outside the lumen.","The region figure distinguishes the border ring from the GLCM region.","No kernel-size sweep or physical pixel-spacing calibration was available.","Codigos_Pipeline_Experimental_Segmentacion/src/longitudinal_quality_rules.py:evaluate_border_rule"
Border evidence,"Four numerical limits","3.0; 0.0375; 6.324555; 35.0","development-distribution thresholds","P15 of 41 previously base-accepted P001 clear train/validation cases. Because each branch is a minimum-evidence test, P15 was selected to retain about 85 percent of the reference cases per cue while rejecting its weakest tail.","border_rule_threshold_summary.csv records patient, quality, splits, count and quantile.","Single-patient reference and reuse of the derivation data prevent an independent specificity claim.","Codigos_Segmentacion_Longitudinal/11_ajustar_regla_aceptabilidad_borde.py; results/tables/border_rule_threshold_summary.csv"
Border evidence,"Branch combination","(bright delta AND bright ratio) OR gradient OR local contrast","fixed anatomical-evidence logic","The bright branch needs both greater intensity and enough bright pixels. Logical OR across bright, gradient and local-contrast branches permits alternative numerical manifestations of a visible border instead of requiring all three simultaneously.","The branch flags and final OR are stored for every evaluated frame.","No comparison of AND versus OR was performed on an independent cohort.","Codigos_Pipeline_Experimental_Segmentacion/src/longitudinal_quality_rules.py:evaluate_border_rule"
DINO preprocessing,"Fan-isolation constants","top 10 percent and lateral 7 percent excluded; max(24,background median+8); close 17x17 x2; open 5x5 x1; component >=8 percent; box width/height >=35 percent and width <=92 percent; margin 8","fixed deterministic preprocessing safeguards","Suppress annotations and dark margins, join the fan interior, remove small islands and reject implausible geometry; failed geometry falls back to the full frame rather than discarding a sample.","Fan detection succeeded in 840/840 audited development and external sampled images. Final use of crop versus full frame was selected by LOPO evidence per view.","Constants were not optimized by a crop-parameter grid and may depend on device layout.","Codigos_DINO_Experimental/src/ultrasound_preprocessing.py; outputs/dino_experimental/binary_improvement/reports/06_fan_crop_audit.csv"
DINO sampling,"Source-frame stride",5,"fixed computational sampling decision","Adjacent frames were highly redundant; sampling one in five reduces embedding extraction by 80 percent while retaining chronological coverage within every video. The same reset-per-video rule was used for development and external evaluation.","The redundancy audit found 3998/4000 adjacent pairs below the declared 0.005 normalized-MAD audit cutoff; stride 5 produced 651 development embeddings.","The 0.005 audit cutoff and stride 5 were not selected by a task-performance sweep.","Codigos_DINO_Experimental/src/dino_embeddings.py; outputs/dino_experimental/reports/00_dino_temporal_redundancy.csv"
DINO representation,"Temporal window",5 embeddings; mean plus population standard deviation; 768 values,"experimentally selected representation","Mean represents central visual content and standard deviation represents short-window variation without changing the frozen 384-dimensional extractor. Window5 competed against single-frame input under LOPO validation.","All three deployed view-specific winners used window5; first four GUI evaluations are necessarily warm-up.","Only single-frame and five-embedding alternatives were compared; other lengths were not tested.","results/tables/08_binary_winners_by_view.csv; Codigos_DINO_Experimental/src/binary_temporal.py"
DINO classifiers,"Classifier hyperparameters","RF 300 trees and leaf 2; LR C=1 and max_iter 5000; 7-NN with distance weighting","fixed candidate definitions plus experimental classifier selection","Fixed candidate settings prevented per-view hyperparameter searches from exploiting the small cohort. Balanced RF/LR weights address unequal anchor counts; leaf 2 and seven distance-weighted neighbors reduce one-sample decisions; max_iter 5000 is a convergence ceiling.","Classifier family was selected separately by LOPO video macro-F1 with sample F1 and deployment cost as tie-breakers.","The numerical hyperparameters themselves were not tuned and are not claimed optimal.","Codigos_DINO_Experimental/src/classification.py; results/tables/08_binary_winners_by_view.csv"
DINO binary evaluation,"Probability boundary",0.50,"fixed binary convention","The midpoint of P(clear) provides a prespecified binary boundary and avoids adapting the independent metric to P005.","Used consistently for classifier comparison and P005 binary metrics.","predict_proba values are model scores and were not clinically calibrated probabilities.","Codigos_DINO_Experimental/src/binary_temporal.py:clear_probabilities"
DINO interface,"Action-precision target and deployed abstention limits","target 0.90; adjust <=0.35; doubtful 0.35 to 0.65; capture >=0.65","data-search followed by explicit heuristic fallback","The OOF search sought high-coverage actions with at least 0.90 precision, but selected 0.50 for both limits. The code therefore opened a symmetric 0.30-wide uncertainty interval around 0.50 to avoid contradictory red and green boundaries.","On the same OOF anchor videos, all red/green actions were correct: transverse clear 3/3 and blurry 2/3 acted; oblique 4/4 and 3/3; hepatorenal 1/3 and 2/4. Remaining anchors were yellow.","Fallback limits and 0.90 target were not independently optimized or clinically calibrated; OOF verification uses the development cohort.","Codigos_DINO_Experimental/src/binary_temporal.py:calibrate_abstention_thresholds; results/tables/operational_threshold_oof_audit.csv"
Temporal guidance,"Longitudinal majority and capture confirmation","five-decision deque; most-recent tie-break; three consecutive capture decisions","fixed stabilization logic","The short majority suppresses isolated state changes, the recent-state tie-break makes the rule deterministic, and a three-decision streak prevents one or two positive spikes from producing green feedback.","Shared offline and GUI classes were tested and record raw, stable and confirmed states separately.","No temporal-length or confirmation-count ablation was performed; added latency depends on source FPS and stride.","Codigos_Pipeline_Experimental_Segmentacion/src/temporal_guidance.py"
Storage,"Capture cooldown",10 evaluated frames,"fixed storage-only rule","Reduces near-duplicate saved images after a confirmed capture. It does not change raw classification, stabilization or binary metrics.","The saved-capture flag and evaluated-frame index are stored in session CSV files.","No diversity optimization was performed and elapsed time varies with stride and video FPS.","Codigos_Pipeline_Experimental_Segmentacion/evaluate_p005_longitudinal_final.py; gui_adquisicion_hepatica.py"
GUI,"Green, yellow and red mapping","green confirmed; yellow uncertainty/fine adjustment; red insufficient evidence","fixed user-feedback design","Yellow separates an incomplete LA-dependent longitudinal decision or intermediate DINO score from a definitive rejection, allowing the user to preserve the anatomical window and adjust the probe. Green requires confirmation; red is reserved for insufficient view evidence.","The GUI screenshot and session records show all mappings; technical raw states remain stored.","The colors are operational guidance, not three expert clinical labels, and no user study evaluated their usability.","Codigos_Pipeline_Experimental_Segmentacion/gui_adquisicion_hepatica.py"
